Workbook

Sheet Dashboard
A1: TIA Enterprise - delivery dashboard
A2: Formulas over the other sheets. Edit blue cells on Task Tracker / Requirements / Acceptance Criteria.
A3: Last updated | B3: 46325
A5: Tasks | D5: Requirements (FR / PL / NFR) | G5: Acceptance criteria
A6: Total tasks | B6: =COUNTA('Task Tracker'!$A$2:$A$251) -> 100 | D6: Total | E6: =COUNTA(Requirements!$A$2:$A$120) -> 69 | G6: Total | H6: =COUNTA('Acceptance Criteria'!$A$2:$A$72) -> 41
A7: Completed | B7: =COUNTIF('Task Tracker'!$I$2:$I$251,"Completed") -> 50 | D7: Done | E7: =COUNTIF(Requirements!$D$2:$D$120,"Done") -> 14 | G7: Done | H7: =COUNTIF('Acceptance Criteria'!$D$2:$D$72,"Done") -> 23
A8: In progress | B8: =COUNTIF('Task Tracker'!$I$2:$I$251,"In Progress") -> 0 | D8: Partial | E8: =COUNTIF(Requirements!$D$2:$D$120,"Partial") -> 19 | G8: Partial | H8: =COUNTIF('Acceptance Criteria'!$D$2:$D$72,"Partial") -> 2
A9: Not started | B9: =COUNTIF('Task Tracker'!$I$2:$I$251,"Not Started") -> 50 | D9: Not started | E9: =COUNTIF(Requirements!$D$2:$D$120,"Not started") -> 36 | G9: Not started | H9: =COUNTIF('Acceptance Criteria'!$D$2:$D$72,"Not started") -> 16
A10: Blocked | B10: =COUNTIF('Task Tracker'!$I$2:$I$251,"Blocked") -> 0 | D10: % done | E10: =IFERROR(E7/E6,0) -> 0.20289855 | G10: % done | H10: =IFERROR(H7/H6,0) -> 0.56097561
A11: % tasks completed | B11: =IFERROR(B7/B6,0) -> 0.5
A12: Consistency: Completed rows not at 100% | B12: =SUMPRODUCT(('Task Tracker'!$I$2:$I$251="Completed")*('Task Tracker'!$J$2:$J$251<>1)) -> 0
A14: By release
A15: Release | B15: Tasks | C15: Completed | D15: In progress | E15: Not started | F15: % tasks done | G15: ACs done | H15: ACs total
A16: 0 Specification | B16: =COUNTIF('Task Tracker'!$B$2:$B$251,$A16) -> 6 | C16: =COUNTIFS('Task Tracker'!$B$2:$B$251,$A16,'Task Tracker'!$I$2:$I$251,"Completed") -> 6 | D16: =COUNTIFS('Task Tracker'!$B$2:$B$251,$A16,'Task Tracker'!$I$2:$I$251,"In Progress") -> 0 | E16: =COUNTIFS('Task Tracker'!$B$2:$B$251,$A16,'Task Tracker'!$I$2:$I$251,"Not Started") -> 0 | F16: =IFERROR(C16/B16,0) -> 1 | G16: 0 | H16: 0
A17: R1 Platform foundation & cross-repo impact | B17: =COUNTIF('Task Tracker'!$B$2:$B$251,$A17) -> 48 | C17: =COUNTIFS('Task Tracker'!$B$2:$B$251,$A17,'Task Tracker'!$I$2:$I$251,"Completed") -> 44 | D17: =COUNTIFS('Task Tracker'!$B$2:$B$251,$A17,'Task Tracker'!$I$2:$I$251,"In Progress") -> 0 | E17: =COUNTIFS('Task Tracker'!$B$2:$B$251,$A17,'Task Tracker'!$I$2:$I$251,"Not Started") -> 4 | F17: =IFERROR(C17/B17,0) -> 0.91666667 | G17: =COUNTIFS('Acceptance Criteria'!$C$2:$C$72,1,'Acceptance Criteria'!$D$2:$D$72,"Done") -> 23 | H17: =COUNTIF('Acceptance Criteria'!$C$2:$C$72,1) -> 25
A18: R2 Enterprise evidence & governance | B18: =COUNTIF('Task Tracker'!$B$2:$B$251,$A18) -> 22 | C18: =COUNTIFS('Task Tracker'!$B$2:$B$251,$A18,'Task Tracker'!$I$2:$I$251,"Completed") -> 0 | D18: =COUNTIFS('Task Tracker'!$B$2:$B$251,$A18,'Task Tracker'!$I$2:$I$251,"In Progress") -> 0 | E18: =COUNTIFS('Task Tracker'!$B$2:$B$251,$A18,'Task Tracker'!$I$2:$I$251,"Not Started") -> 22 | F18: =IFERROR(C18/B18,0) -> 0 | G18: =COUNTIFS('Acceptance Criteria'!$C$2:$C$72,2,'Acceptance Criteria'!$D$2:$D$72,"Done") -> 0 | H18: =COUNTIF('Acceptance Criteria'!$C$2:$C$72,2) -> 11
A19: R3 Operational intelligence & scale | B19: =COUNTIF('Task Tracker'!$B$2:$B$251,$A19) -> 10 | C19: =COUNTIFS('Task Tracker'!$B$2:$B$251,$A19,'Task Tracker'!$I$2:$I$251,"Completed") -> 0 | D19: =COUNTIFS('Task Tracker'!$B$2:$B$251,$A19,'Task Tracker'!$I$2:$I$251,"In Progress") -> 0 | E19: =COUNTIFS('Task Tracker'!$B$2:$B$251,$A19,'Task Tracker'!$I$2:$I$251,"Not Started") -> 10 | F19: =IFERROR(C19/B19,0) -> 0 | G19: =COUNTIFS('Acceptance Criteria'!$C$2:$C$72,3,'Acceptance Criteria'!$D$2:$D$72,"Done") -> 0 | H19: =COUNTIF('Acceptance Criteria'!$C$2:$C$72,3) -> 2
A20: R4 Extended coverage & advanced (GA) | B20: =COUNTIF('Task Tracker'!$B$2:$B$251,$A20) -> 14 | C20: =COUNTIFS('Task Tracker'!$B$2:$B$251,$A20,'Task Tracker'!$I$2:$I$251,"Completed") -> 0 | D20: =COUNTIFS('Task Tracker'!$B$2:$B$251,$A20,'Task Tracker'!$I$2:$I$251,"In Progress") -> 0 | E20: =COUNTIFS('Task Tracker'!$B$2:$B$251,$A20,'Task Tracker'!$I$2:$I$251,"Not Started") -> 14 | F20: =IFERROR(C20/B20,0) -> 0 | G20: =COUNTIFS('Acceptance Criteria'!$C$2:$C$72,4,'Acceptance Criteria'!$D$2:$D$72,"Done") -> 0 | H20: =COUNTIF('Acceptance Criteria'!$C$2:$C$72,4) -> 3
A21: Total | B21: =SUM(B16:B20) -> 100 | C21: =SUM(C16:C20) -> 50 | D21: =SUM(D16:D20) -> 0 | E21: =SUM(E16:E20) -> 50 | F21: =IFERROR(C21/B21,0) -> 0.5 | G21: =SUM(G16:G20) -> 23 | H21: =SUM(H16:H20) -> 41
A23: GA readiness (all requirements Done and all acceptance criteria Done) | B23: =IF(AND(E7=E6,H7=H6),"READY","NOT READY") -> NOT READY

Sheet Task Tracker
A1: ID | B1: Release | C1: Workstream | D1: Task | E1: Details / acceptance | F1: Requirement refs | G1: Output / location | H1: Priority | I1: Status | J1: % Complete | K1: Effort (rough) | L1: Depends on | M1: Next order | N1: Completed on | O1: Verified by | P1: Notes
A2: T-001 | B2: 0 Specification | C2: Specification | D2: Review PRD v2.0 and companion documents | E2: Critique; cross-document contradictions. | F2: - | G2: chat review | H2: P0 | I2: Completed | J2: 1 | K2: M | N2: 46323 | O2: Docs rendered and reviewed
A3: T-002 | B3: 0 Specification | C3: Specification | D3: Rewrite PRD v2.1, ARCHITECTURE v1.1, TFD v1.1 | E3: Resolution strategies, severity model, canonical model, corrected diagrams. | F3: - | G3: revised/*.md, *.pdf | H3: P0 | I3: Completed | J3: 1 | K3: M | N3: 46323 | O3: Docs rendered and reviewed
A4: T-003 | B4: 0 Specification | C4: Specification | D4: Re-plan as enterprise product: PRD v3.0, ARCH/TFD v1.2 | E4: Removed MVP/pilot; Releases 1-4; all requirements mandatory; FR-039..045, PL-001..012, AC-021..038. | F4: - | G4: revised/*.md, *.pdf | H4: P0 | I4: Completed | J4: 1 | K4: M | N4: 46324 | O4: Docs rendered and reviewed
A5: T-004 | B5: 0 Specification | C5: Specification | D5: SaaS multi-tenant model: PRD v3.1, ARCH/TFD v1.3 | E5: Shared schema + RLS, dedicated option, PL-013..018, AC-039..041. | F5: - | G5: revised/*.md, *.pdf | H5: P0 | I5: Completed | J5: 1 | K5: M | N5: 46324 | O5: Docs rendered and reviewed
A6: T-005 | B6: 0 Specification | C6: Specification | D6: Resume file summary.md | E6: Narrative log for session recovery. | F6: - | G6: summary.md | H6: P0 | I6: Completed | J6: 1 | K6: M | N6: 46323 | O6: Docs rendered and reviewed
A7: T-006 | B7: 0 Specification | C7: Specification | D7: Project tracker workbook | E7: This file; requirement traceability. | F7: - | G7: TIA-Project-Tracker.xlsx | H7: P0 | I7: Completed | J7: 1 | K7: M | N7: 46324 | O7: Docs rendered and reviewed
A8: T-007 | B8: R1 Platform foundation & cross-repo impact | C8: Engine | D8: Canonical data model, statuses, path normalisation | E8: Entities, evidence/analysis statuses. | F8: FR-008 FR-010 | G8: tia/models.py | H8: P0 | I8: Completed | J8: 1 | K8: M | N8: 46323 | O8: test_normalize_path
A9: T-008 | B9: R1 Platform foundation & cross-repo impact | C9: Engine | D9: Read-only git access | E9: Revisions, trees, diffs; never executes repo code. | F9: FR-002 | G9: tia/gitutil.py | H9: P0 | I9: Completed | J9: 1 | K9: M | N9: 46323 | O9: acceptance tests | P9: Local clones only until GitHub App connector
A10: T-009 | B10: R1 Platform foundation & cross-repo impact | C10: Extraction | D10: Python adapter: endpoints, schemas, functions, outbound calls, tests | E10: FastAPI/Flask, pydantic, requests/httpx, generated clients. | F10: FR-004 FR-012 FR-017 | G10: tia/extract_python.py | H10: P0 | I10: Completed | J10: 1 | K10: M | N10: 46323 | O10: test_units.py, AC-002/004
A11: T-010 | B11: R1 Platform foundation & cross-repo impact | C11: Resolution | D11: Cross-repo resolution R1, R2, R3, R5 + corroboration | E11: Service map (R4) input; never by name alone. | F11: FR-014 | G11: tia/resolve.py | H11: P0 | I11: Completed | J11: 1 | K11: M | N11: 46323 | O11: AC-004/018/019 tests
A12: T-011 | B12: R1 Platform foundation & cross-repo impact | C12: Engine | D12: Typed graph, test association | E12: Impact-direction index; import/HTTP/naming association. | F12: FR-013 FR-021 | G12: tia/graph.py | H12: P0 | I12: Completed | J12: 1 | K12: M | N12: 46323 | O12: AC-003/006 tests
A13: T-012 | B13: R1 Platform foundation & cross-repo impact | C13: Engine | D13: Basic REST contract diff | E13: P0 list; others 'not evaluated'. | F13: FR-018 | G13: tia/contracts.py | H13: P0 | I13: Completed | J13: 1 | K13: M | N13: 46323 | O13: test_removed_endpoint_is_breaking
A14: T-013 | B14: R1 Platform foundation & cross-repo impact | C14: Engine | D14: Severity and materiality rules | E14: Change nature x criticality; inferred cap. | F14: PRD-7.3 | G14: tia/severity.py | H14: P0 | I14: Completed | J14: 1 | K14: M | N14: 46323 | O14: test_severity_*
A15: T-014 | B15: R1 Platform foundation & cross-repo impact | C15: Engine | D15: Impact engine: bounded traversal, unknowns, status | E15: Two-pass BFS, limits, coverage, status semantics. | F15: FR-013 FR-015 FR-016 | G15: tia/impact.py | H15: P0 | I15: Completed | J15: 1 | K15: M | N15: 46323 | O15: AC-009/010/012 tests
A16: T-015 | B16: R1 Platform foundation & cross-repo impact | C16: Reporting | D16: JSON report, PR comment renderer, audience redaction | E16: Single-marker advisory comment; no leaks. | F16: FR-035 PL-002 | G16: tia/report.py | H16: P0 | I16: Completed | J16: 1 | K16: M | N16: 46323 | O16: AC-016/020 tests
A17: T-016 | B17: R1 Platform foundation & cross-repo impact | C17: Interfaces | D17: CLI analyze + FastAPI wrapper | E17: Synchronous API; header-based audience placeholder. | F17: PL-008 | G17: tia/cli.py, tia/api.py | H17: P0 | I17: Completed | J17: 1 | K17: M | N17: 46323 | O17: test_api.py
A18: T-017 | B18: R1 Platform foundation & cross-repo impact | C18: Connectors | D18: Repository ingestion service: GitHub, Azure DevOps, any git URL, file:// URL, local path | E18: Clone/sync via git; PAT via env only; PR ref fetch by number; merge-base; friendly errors; host allow-list; local paths gated. | F18: FR-001 FR-039(partial) | G18: tia/repos.py | H18: P0 | I18: Completed | J18: 1 | K18: M | N18: 46323 | O18: tests/test_ingest.py (real git repos; real GitHub clone checked manually) | P18: Token auth for private repos untested against real ADO/GitHub (no credentials here)
A19: T-018 | B19: R1 Platform foundation & cross-repo impact | C19: Connectors | D19: Bulk discovery: whole ADO project / GitHub org or user | E19: REST listing + ingest all; supports on-prem ADO / GHE api_base. | F19: FR-001 | G19: tia/repos.py | H19: P0 | I19: Completed | J19: 1 | K19: M | N19: 46323 | O19: test_discover_ado_and_github (fake API servers only) | P19: Needs real PAT to verify
A20: T-019 | B20: R1 Platform foundation & cross-repo impact | C20: Interfaces | D20: Web UI v0 + server entry point | E20: Ingest (URL / discovery / path), repo list with sync/remove, analysis (branch or PR), report, unknowns, PR-comment markdown. | F20: PRD-9 (partial) | G20: tia/web/index.html, tia/server.py | H20: P0 | I20: Completed | J20: 1 | K20: M | N20: 46323 | O20: manual run + test_api_end_to_end_with_demo_landscape | P20: Dev mode: no auth, no tenancy; not the R2 UI
A21: T-020 | B21: R1 Platform foundation & cross-repo impact | C21: Graph | D21: Code / dependency graph explorer v0 | E21: Services, endpoints+schemas, and function-level views from the persisted extracts; filter by repo, search, focus (neighbourhood), node limit with truncation notice; evidence-coloured edges; unresolved calls shown; node/edge detail panel with file:line evidence. | F21: PRD-9.2 | G21: tia/graphview.py, tia/api.py (/api/v1/graph*), tia/web/index.html, tia/web/vendor/cytoscape (bundled, MIT) | H21: P0 | I21: Completed | J21: 1 | K21: M | N21: 46323 | O21: tests/test_graph.py (8) + headless Chrome run: all 3 levels, search, focus, details, 0 console errors | P21: Graph is rebuilt from cached extracts per request (not a persisted graph store yet)
A22: T-021 | B22: R1 Platform foundation & cross-repo impact | C22: Graph | D22: Impact overlay on the graph | E22: Changed component -> via -> affected, edges by evidence status, nodes coloured by severity, one click from the report. | F22: PRD-9.2 FR-013 | G22: tia/graphview.py (impact_overlay), /api/v1/impact-analyses/{id}/graph | H22: P0 | I22: Completed | J22: 1 | K22: M | N22: 46323 | O22: test_graph_api_and_impact_overlay + headless Chrome run
A23: T-022 | B23: R1 Platform foundation & cross-repo impact | C23: Platform | D23: Multi-tenant PostgreSQL storage: schema, SQL migrations, forced RLS, tenant-bound transactions | E23: tenants registry; tenant_id on every row; FORCE ROW LEVEL SECURITY; runtime role tia_app (not owner, no BYPASSRLS, no access to registry); set_config per transaction; connection pool; migration runner; SQLite removed. | F23: PL-003 AC-035 TFD-9 | G23: tia/db.py, tia/store.py, tia/migrations/0001_init.sql, tia/migrate.py | H23: P0 | I23: Completed | J23: 1 | K23: M | N23: 46323 | O23: tests/test_storage.py (isolation, no-tenant, unfiltered delete, privileges, forced RLS) on real PostgreSQL 16.2; whole suite (69) now runs on PostgreSQL | P23: Embedded PostgreSQL 16.2 only; a managed PG / PgBouncer deployment is untested (set_config is transaction-local so transaction pooling is safe by design). Tenant is fixed per process until SSO (UC1-18/19).
A24: T-023 | B24: R1 Platform foundation & cross-repo impact | C24: Security | D24: Tamper-evident, append-only, keyed (HMAC) audit chain per tenant | E24: Advisory-locked sequential chain; runtime role has INSERT/SELECT only; HMAC key kept outside the DB so an owner cannot recompute the chain; verify endpoint; repository register/sync/PR-fetch/remove audited (no tokens). | F24: 11.3 | G24: tia/store.py (audit, verify_audit), /api/v1/audit, /api/v1/audit/verify | H24: P0 | I24: Completed | J24: 1 | K24: M | N24: 46323 | O24: tests: tamper, delete, reorder, append-only, 48 concurrent writes, keyed-vs-unkeyed owner rewrite, no secrets in audit | P24: Audit of GitHub/ADO comment posting and logins is added with those items
A25: T-024 | B25: R1 Platform foundation & cross-repo impact | C25: Platform | D25: Job queue + worker: idempotent, newest-wins, fair across tenants, exact per-tenant cap, retries with backoff, leases | E25: jobs table under RLS; tia_worker role is the only one that sees all tenants' jobs; enqueue/claim/heartbeat/succeed/fail/reap; worker loop with PermanentError; shared resolve/execute service used by sync API and worker; ?async=true API, job status and cancel endpoints; tokens refused in queued work. | F25: PL-017 AC-040 TFD-8 TFD-12 | G25: tia/jobs.py, tia/worker.py, tia/analysis_service.py, tia/migrations/0002_jobs.sql, /api/v1/jobs | H25: P0 | I25: Completed | J25: 1 | K25: M | N25: 46323 | O25: tests/test_jobs.py (20): idempotency, supersede, cancel, force, role isolation, fairness, cap (also under 12 concurrent claims), retry/backoff/permanent, lease recovery + stale worker, 6 workers x 30 jobs exactly once, API->queue->worker end to end; repeated 4x stable; live run on the dev server | P25: Real PostgreSQL 16.2. Workers share the repo filesystem path with the API (shared volume / object store is a deployment item under UC1-23). Fairness is round-robin by queued position, not weighted by plan.
A26: T-025 | B26: R1 Platform foundation & cross-repo impact | C26: Platform | D26: Persisted versioned graph + per-file incremental extraction + full-rescan path | E26: Per-file facts cached by git blob id; content-addressed immutable graph versions with a head per landscape; head advances on register/sync/delete/webhook; POST /graph/rescan re-derives everything, detects drift against the incremental result and repairs it. | F26: FR-003 AC-021 | G26: tia/extraction.py, tia/graphstore.py, tia/migrations/0003-0004, /api/v1/graph/versions, /api/v1/graph/rescan | H26: P0 | I26: Completed | J26: 1 | K26: M | N26: 46323 | O26: tests/test_incremental.py (7), tests/test_graph_versions.py (9): incremental result and graph equal a full rescan; a one-file push adds exactly one cached file fact end to end; tenant isolation; rescan detects and repairs a corrupted cache | P26: Python adapter only (Java is UC1-07). Real PostgreSQL 16.2 + real git.
A27: T-026 | B27: R1 Platform foundation & cross-repo impact | C27: Platform | D27: Stale-relationship handling + repository freshness (scan state) | E27: Cross-repo relationship history (current | stale: scan_failed, parse_failed, evidence_removed); repos track scan status, last successful scan and analysed revision; reports carry per-repo freshness, a repository_freshness unknown, status partial on a failed scan, and stale-evidence findings capped at Medium; graph view draws stale edges as stale. | F27: FR-005 FR-010 AC-011 AC-022 | G27: tia/relationships.py, tia/repos.py (scan state), tia/impact.py, tia/migrations/0005, /api/v1/graph/relationships | H27: P0 | I27: Completed | J27: 1 | K27: M | N27: 46323 | O27: tests/test_stale.py (6): failed scan -> stale finding + last good scan stated -> recovery; removed call; unparseable consumer file; repository removal; redaction; no needless rewrites | P27: runtime_observed evidence (R6) still never produced. No interim 'pending re-scan' state between a push and the synchronous refresh.
A28: T-027 | B28: R1 Platform foundation & cross-repo impact | C28: Platform | D28: Evidence snapshot materialisation + reproduction | E28: Immutable snapshot per analysis (revisions of every repo incl. target head, extractor/config versions, graph version, freshness and stale-relationship state); commits pinned in TIA clones; POST /impact-analyses/{id}/reproduce re-runs on the snapshot and reports identical or not; evidence view shows the path and revision of each hop of every material finding. | F28: AC-015 | G28: tia/migrations/0006, tia/analysis_service.py (reproduce, pin_analysis), tia/report.py (evidence_view), /api/v1/evidence-snapshots, /impact-analyses/{id}/evidence|reproduce | H28: P0 | I28: Completed | J28: 1 | K28: M | N28: 46323 | O28: tests/test_snapshots.py (8): identical after the landscape moved on; stale state pinned; pins survive history rewrite and gc (and without pins TIA says the evidence is gone); immutable by privilege; tenant isolation; audience redaction | P28: Local repositories are read in place and cannot be pinned (a rewritten local history makes reproduction fail with a clear message).
A29: T-028 | B29: R1 Platform foundation & cross-repo impact | C29: Connectors | D29: Code upload from the user's drive: zip and whole folder, 2 GiB cap | E29: Session-based upload API (zip streamed as one body, folder in batches), safe extraction (traversal/absolute/drive/device names, ADS, symlinks, encrypted, case collisions rejected; caps enforced on bytes written), each upload a git commit so two uploads are analysed like a PR; UI tab with progress; one-call PUT for scripts. | F29: FR-001 | G29: tia/upload.py, tia/api.py (/api/v1/uploads, /repositories/{name}/upload, /revisions), tia/web/index.html | H29: P0 | I29: Completed | J29: 1 | K29: M | N29: 46323 | O29: tests/test_upload.py (33); real Chrome (zip + folder + analyse vs previous upload, 0 console errors); live 721 MB zip streamed with 2 MB server memory growth; declared 3 GB refused with 413 | P29: Per-upload cap only: no per-tenant total storage quota yet (UC1-20/21). Uploaded code is parsed, never executed. Uploads are snapshots (files absent from a re-upload are removed).
A30: T-029 | B30: R1 Platform foundation & cross-repo impact | C30: Extraction | D30: Java / Spring adapter (REST): routes, DTO schemas, RestTemplate/WebClient/RestClient/OpenFeign/shared clients, JUnit + MockMvc tests | E30: tree-sitter-java parser; Spring Web endpoints (class prefix, arrays, RequestMethod lists, controller interfaces), request/response schemas incl. wrappers, records, entities, inheritance and Jackson naming; base URLs from constants, @Value, environment, WebClient/RestTemplate builders; Feign and shared-client calls resolved at assembly (R2/R1); spring.application.name as default service identity; unsupported HTTP client libraries disclosed as an unknown; per-file incremental caching preserved. | F30: FR-004 FR-012 FR-017 AC-023 | G30: tia/extract_java.py, tia/extract_python.py (assembly), tia/extraction.py | H30: P0 | I30: Completed | J30: 1 | K30: M | N30: 46323 | O30: tests/test_java.py (35): facts, cross-language Python<->Java and Java<->Java resolution, impact on real branches, parse failures, incremental == full rescan; run on real third-party code (spring-petclinic-microservices: 54 files, 0 parse failures, 16 endpoints, the 2 real service-to-service calls resolved source_confirmed) | P30: Spring MVC/WebFlux/OpenFeign only (no JAX-RS, Micronaut, Quarkus, Spring Cloud Gateway routes); OkHttp/Apache/java.net.http/Retrofit calls are reported as unknown, not analysed; @RequestMapping without a method is read as GET; dynamic base URLs stay unresolved; variable types are resolved per file by name; endpoint auth config (FR-017) not extracted; no accuracy measurement yet (UC1-25).
A31: T-030 | B31: R1 Platform foundation & cross-repo impact | C31: Extraction | D31: Python ORM + migration extraction: SQLAlchemy (declarative, Mapped, Flask-SQLAlchemy), SQLModel, Django models; Alembic and Django migrations | E31: Entities -> tables -> columns (nullability, keys, FK and many-to-many link tables, inherited mixins and Django auth bases); model references inside functions classified read/write (objects.*, session.query/add/delete, select/insert/update/delete, save(), self/cls); Alembic upgrade() ops incl. batch_alter_table and op.execute SQL; Django CreateModel/AddField/RemoveField/AlterField/RenameField/DeleteModel/RenameModel/AlterModelTable/RunSQL; raw SQL, Table() objects, dynamic table names, RunPython and unknown bases reported as data access not analysed. | F31: FR-006 FR-006a | G31: tia/extract_orm.py, tia/extract_data.py, tia/extract_python.py | H31: P0 | I31: Completed | J31: 1 | K31: M | N31: 46323 | O31: tests/test_data.py (58 incl. Python models, references, Alembic, Django); run on real third-party code: django-realworld-example-app (5 models, 5 link tables) and fastapi full-stack template (SQLModel + 5-revision Alembic chain) - replayed migration schema equals the ORM columns exactly | P31: Django app label is taken from the directory (a custom AppConfig label would change table names); model references are resolved by simple name per repository and local variable types by assignment/annotation only; a model name used in two apps is reported ambiguous; Python is parsed with the server interpreter, so newer syntax (e.g. Python 3.14 'except A, B:') is a parse failure, reported as partial.
A32: T-031 | B32: R1 Platform foundation & cross-repo impact | C32: Extraction | D32: Java ORM + migration extraction: JPA entities, Spring Data repositories, Flyway SQL, Liquibase XML/YAML/JSON | E32: Entities (@Table/@Column/@JoinColumn/@JoinTable, Spring Boot naming strategy, @MappedSuperclass/@Embedded merge, @Transient), repository methods classified read/write by name and @Query/@Modifying/native queries (entities named by the query included), SQL DDL parser for PostgreSQL/MySQL/Oracle/SQL Server/HSQLDB statements, Liquibase createTable/addColumn/dropColumn/renameColumn/modifyDataType/not-null/dropTable/renameTable/sql; spring.datasource.url and tia-services.yaml database identity; EntityManager/JDBC/jOOQ/MyBatis, procedural SQL, stored procedure calls, custom naming strategy, @Inheritance and undeclared join tables reported as not analysed. | F32: FR-006a AC-023 | G32: tia/extract_java.py, tia/extract_data.py | H32: P0 | I32: Completed | J32: 1 | K32: M | N32: 46323 | O32: tests/test_data.py; run on real third-party code: spring-petclinic (6 entities, 20 repository accesses, 3 schema scripts, 0 unparsed), jhipster-sample-app (593 files: 5 entities, 7 Liquibase changelogs, 75 accesses, EntityManager/JDBC reported) - replayed Liquibase schema equals the JPA columns exactly; real-code runs found and fixed HSQLDB 'DROP TABLE x IF EXISTS', the org.springframework package-name filter and Django to= keyword / self-referential M2M | P32: Spring Data repositories are resolved only when they extend a Spring Data interface directly; default join-table names are not derived (reported); Liquibase files are found by 'changelog'/'liquibase' in the path; Flyway undo scripts ignored; XML with a DOCTYPE is refused (entity-expansion safety); several database flavours of one schema script in one repository are replayed together; Kotlin entities not supported.
A33: T-032 | B33: R1 Platform foundation & cross-repo impact | C33: Engine | D33: Data-impact traversal and findings (AC-024): schema change -> mapped entities -> reading/writing functions -> endpoints -> API consumers | E33: Data layer in the graph (entity, table, column, migration; MAPS_TO, MAPS_COLUMN, READS, WRITES, MIGRATES); tables belong to a database and services are linked only through a shared declared/URL-named database, never by table name; migration ops the head adds classified against the replayed schema (drop/rename table or column, type change vs provable widening, NOT NULL tightening, required new column = breaks writers only); findings per entity with accessors, own-repository rules (SEV-DATA-MAPPING-BROKEN / SEV-DATA-UPDATED), propagation through the existing call/endpoint/consumer traversal, unknowns for database identity, unanalysed data access, unparsed migration statements and unmapped changes; comment, redaction, graph view and impact overlay support the new node types. | F33: FR-015 AC-024 | G33: tia/data.py, tia/impact.py, tia/severity.py, tia/report.py, tia/graphview.py, tia/web/index.html | H33: P0 | I33: Completed | J33: 1 | K33: M | N33: 46323 | O33: tests/test_data.py (58); live: dev server on real PostgreSQL, real HTTP, queue + worker for 8 branches across Flyway/Liquibase/Alembic/Django, reproduce identical, real Chrome (findings table, impact overlay column -> 3 entities -> functions -> endpoints -> portal call sites, column search, 0 console errors) | P33: Column-level precision only for columns an analysed entity maps; type/nullability compatibility is not evaluated beyond provable widening; services using a database without a declared identity are assumed private (stated as an unknown); views, stored procedures and raw SQL are FR-041 (not built); same-repository functions reading a changed table are reported as direct low findings.
A34: T-033 | B34: R1 Platform foundation & cross-repo impact | C34: Platform | D34: Tenant lifecycle: provision, SCM installation mapping, suspend/resume, offboard with deletion certificate; per-tenant storage quota | E34: tenants admin class + CLI; suspended tenants get 403 tenant_suspended and their queued jobs are not claimed; offboarded 410; quota 403 storage_quota_exceeded; offboarding deletes every tenant table and returns a hashed certificate that verify_deletion re-checks. | F34: PL-013 AC-039 | G34: tia/tenants.py, tia/gate.py, tia/migrations/0007_tenant_lifecycle.sql | H34: P0 | I34: Completed | J34: 1 | K34: M | N34: 46323 | O34: tests/test_tenants.py (21); live: admin CLI + API + worker processes on PostgreSQL | P34: No billing/metering; SCM installation mapping is stored but a real GitHub App installation event is not wired (UC1-04).
A35: T-034 | B35: R1 Platform foundation & cross-repo impact | C35: Interfaces | D35: GitHub check run (always neutral) + POST publish endpoint for the PR comment; permalink in the comment | E35: check_run_payload (annotations <=50), upsert_check_run, publish_to_github, audit_publication; ScmConfig.check_run/public_url. | F35: FR-035 AC-020 | G35: tia/github.py, tia/publish.py, tia/api.py | H35: P0 | I35: Completed | J35: 1 | K35: M | N35: 46323 | O35: tests/test_publish.py (22) and tests/test_webhooks.py against a fake GitHub; comment upsert verified live on github.com earlier | P35: Check runs need a GitHub App token: simulated only, NOT verified against real GitHub.
A36: T-035 | B36: R1 Platform foundation & cross-repo impact | C36: Interfaces | D36: Permalink report page per analysis | E36: Server-rendered no-JS page GET /analyses/{id}: escaped, stacked cards under 700px, CSP + nosniff. | F36: PRD-9 | G36: tia/reportpage.py | H36: P0 | I36: Completed | J36: 1 | K36: M | N36: 46323 | O36: tests/test_reportpage.py (11) + real Chrome desktop and mobile widths
A37: T-036 | B37: R1 Platform foundation & cross-repo impact | C37: Security | D37: Secrets management and encryption: envelope encryption of tenant secrets, secret references, scrubbing, TLS enforcement | E37: KEK in a secrets manager (file/Vault Transit) -> per-tenant versioned DEK -> AES-256-GCM with tenant+name+version as AAD; refs file:/vault:/env:/NAME_FILE; scrub of token formats from graph, reports, logs, audit and job errors; refuses tokens over plaintext http, HSTS. | F37: PL-011 | G37: tia/credentials.py, tia/secretstore.py, tia/scrub.py, tia/transport.py | H37: P0 | I37: Completed | J37: 1 | K37: M | N37: 46323 | O37: tests/test_credentials.py (32), tests/test_secretstore.py (49); Vault only against a FAKE (KV v2 + Transit) | P37: NOT verified: real Vault, AWS KMS/Azure Key Vault wrappers (not built), customer-managed keys, PostgreSQL TLS handshake (embedded PG has no TLS).
A38: T-037 | B38: R1 Platform foundation & cross-repo impact | C38: Platform | D38: Platform observability: Prometheus metrics, JSON logs, W3C traces to OTLP, health/readiness | E38: Dependency-free metrics registry, request-id logs, traceparent through the queue into the worker, OTLP/HTTP JSON exporter, /healthz /readyz /metrics (token-protected), worker heartbeats and worker metrics port. | F38: PL-007 | G38: tia/metrics.py, tia/obs.py, tia/tracing.py, tia/health.py, tia/telemetry.py | H38: P0 | I38: Completed | J38: 1 | K38: M | N38: 46323 | O38: tests/test_observability.py (57); live API+worker processes; OTLP only against a fake collector | P38: NOT verified against a real Prometheus/OTel collector; no dashboards/alert rules shipped.
A39: T-038 | B39: R1 Platform foundation & cross-repo impact | C39: Engine | D39: Configuration management: versioned per-tenant limits, severity overrides, criticality, gateway prefixes, comment audience | E39: Strict validation (all problems at once), immutable insert-only versions, diff/restore, limits are defaults and ceilings, overrides recorded not silent, reproduce uses the snapshot's config; API + admin CLI + UI panel. | F39: PRD-7.3 | G39: tia/tenantconfig.py, tia/severity.py, tia/migrations/0010_tenant_config.sql | H39: P0 | I39: Completed | J39: 1 | K39: M | N39: 46323 | O39: tests/test_tenantconfig.py (65); live CLI -> API -> worker processes; real Chrome panel | P39: Only critical criticality changes severity; no approval workflow/RBAC (needs SSO UC1-18/19).
A40: T-039 | B40: R1 Platform foundation & cross-repo impact | C40: Security | D40: SSO: OIDC (authorization code + PKCE, bearer tokens) and SAML 2.0 (SP-initiated); service-account tokens; browser sessions | E40: Per-tenant identity providers; JWT verification limited to asymmetric algorithms with the key chosen by kid; provider fetches only to public https addresses; single-use sign-in state bound to the browser; SAML needs a signed assertion by a configured certificate (rotation supported), refuses XXE, signature wrapping, replay, unsolicited responses; service tokens carry roles and a repository scope, expire and are revocable, only their hash is stored; the credential names the tenant, so one deployment serves many tenants. | F40: PL-001 AC-025 | G40: tia/jwtverify.py, tia/netsafe.py, tia/identity.py, tia/oidc.py, tia/saml.py, tia/authapi.py, tia/migrations/0011_identity.sql | H40: P0 | I40: Completed | J40: 1 | K40: M | N40: 46323 | O40: tests/test_auth.py, tests/test_auth_api.py, tests/test_saml.py; live: admin CLI + API process + real Chrome through a real OIDC flow (4 people, sign-out, role change, CSRF, token shown once) | P40: Tested only against our own OIDC and SAML provider implementations: no real Entra/Okta/Keycloak/ADFS, so interoperability quirks (group-overage claim, signed AuthnRequests, encrypted assertions, single logout) are unverified; SHA-1 refusal in SAML not exercised; rate limiting left to a reverse proxy.
A41: T-040 | B41: R1 Platform foundation & cross-repo impact | C41: Security | D41: RBAC (5 roles) and per-repository access mirrored from GitHub; PR comment names another repository only if all readers may read it | E41: Deny-by-default route table (a test fails on an unclassified route); roles additive, from identity-provider groups or administrator assignment; repository modes scm/restricted/tenant; mirror of GitHub collaborators (fail closed when missing, stale or failed); unreadable repositories are 404 everywhere and reports are redacted per reader with a count of what was omitted; administrators are not exempt; actor recorded on every audited action. | F41: PL-002 AC-016 AC-025 | G41: tia/rbac.py, tia/access.py, tia/authapi.py, tia/api.py, tia/migrations/0012_repo_access.sql | H41: P0 | I41: Completed | J41: 1 | K41: M | N41: 46323 | O41: tests/test_access.py (34) against a fake GitHub REST API; live in real Chrome: four people see different repositories and differently redacted reports for the same analysis | P41: Mirror tested against a FAKE GitHub API only; Azure DevOps permission mirroring not built (UC1-06/15); the webhook receiver still uses the deployment's default tenant.
A42: T-041 | B42: R1 Platform foundation & cross-repo impact | C42: Connectors | D42: GitHub App connector: App JWT, installation tokens, tenant routing by installation, repository discovery, permission-failure reporting | E42: RS256 App JWT (9 min) -> installation token (cached, refreshed 5 min early) used for clone/fetch, comments and REAL check runs; a webhook is routed to the tenant that owns its installation (SECURITY DEFINER lookup of active tenants only); an installation is linked by the operator (CLI) or by a tenant administrator who proves through GitHub user authorisation that they can see it; repositories of the organisation's installations can be discovered and ingested; a removed/suspended installation or a repository the App cannot see is reported as such and fails the job permanently; tokens and the key never reach logs, audit or the database. | F42: FR-001 AC-026 | G42: tia/githubapp.py, tia/api.py, tia/analysis_service.py, tia/migrations/0013_github_app.sql | H42: P0 | I42: Completed | J42: 1 | K42: M | N42: 46323 | O42: tests/test_githubapp.py (51) against a GitHub platform stand-in that verifies the App JWT with the real public key and accepts check runs only from installation tokens; live: admin CLI + API process + worker process (signed webhook -> job in the owning tenant -> comment + check run, nothing in the other tenant, no token or key in logs) | P42: NOT verified against real GitHub: no real App registered, so GitHub's actual permission model (e.g. what listing collaborators needs), rate limits and the user-authorisation redirect are untested; installation_repositories events are acknowledged only; Azure DevOps equivalent is UC1-06/15.
A43: T-042 | B43: R1 Platform foundation & cross-repo impact | C43: Quality | D43: CI pipeline for TIA: tests on Python 3.10-3.12, package check, migration and tenant-table gates, secret scan, dependency audit | E43: GitHub Actions workflow (least-privilege, no secrets, no pull_request_target, timeouts) plus tools/ci.py that runs the same gates locally; each gate is itself tested to fail on what it exists to catch. | F43: - | G43: .github/workflows/tia-ci.yml, tools/ci.py | H43: P0 | I43: Completed | J43: 1 | K43: M | N43: 46323 | O43: tests/test_ci.py (15); tools/ci.py workflow/migrations/secrets/package run locally and pass; the real workflow file parsed and checked | P43: The workflow has NOT run on GitHub Actions (nothing is pushed: origin is not the user's repository); actions are pinned by tag, not by commit SHA; pip-audit runs only in CI; no lint/type-check stage yet.
A44: T-043 | B44: R1 Platform foundation & cross-repo impact | C44: Quality | D44: Accuracy harness and reference landscapes (PRD 15.3): two independent Java references on real third-party code plus a synthetic Python landscape | E44: tools/accuracy.py measures recall, precision, findings per PR, resolution rate, traceable evidence, silent pass and source_confirmed-without-evidence against curated truth (dependencies with proof lines, endpoints, must-not-link calls, patched changes), segmented by language, relationship, difficulty, strategy and evidence; first contact found and fixed three real gaps (local-variable URLs, service-discovery hosts, files that stop parsing reported as removed declarations). | F44: PRD-15 15.3 | G44: tools/accuracy.py, reference/, tia/extract_java.py, tia/impact.py | H44: P0 | I44: Completed | J44: 1 | K44: M | N44: 46323 | O44: tests/test_accuracy.py (14); spring-petclinic-microservices recall 6/6, precision 8/8, resolution 6/6; piggymetrics recall 3/3, precision 6/6, resolution 3/4; synthetic 4/4 and 15/15; every measured PRD 15.3 target met on all three | P44: Small samples; only two independent references and both are Java (no independent Python multi-service reference found); piggymetrics is found only with paths.strip_prefixes configured by hand (0/3 without it: TIA does not read context paths from config); the -30% assessment-time target needs a user study (NOT MEASURED); customer landscapes must be measured at onboarding.
A45: T-044 | B45: R1 Platform foundation & cross-repo impact | C45: Quality | D45: Performance benchmark at 500 repositories (PRD 12): scan, incremental PR analysis, interactive report, 50-job burst, determinism | E45: tools/benchmark.py generates a Python+Java landscape of real git repositories and measures through production code and a real PostgreSQL. The first full run found 44 s per PR analysis (one git process per repository, repeated); fixed by reading refs from files, caching, parallel resolution and one query per analysis. | F45: PRD-12 | G45: tools/benchmark.py, tia/gitutil.py, tia/impact.py, tia/analysis_service.py, docs/PERFORMANCE.md | H45: P0 | I45: Completed | J45: 1 | K45: M | N45: 46323 | O45: 500 repositories / 605 101 lines: PR analysis P95 5.3 s (target 120 s); report P95 0.07 s (5 s); burst of 50 jobs on 8 workers all completed, P95 163 s (180 s); scan 260 s; re-analysis identical | P45: Generated landscape, not 20 M lines of real code (the 4 h scan target is not demonstrated at that size); burst margin is thin (163 s of 180 s) on one machine with the database local; availability/RPO/RTO not measured.
A46: T-045 | B46: R1 Platform foundation & cross-repo impact | C46: Quality | D46: Security review and threat model (PRD 19 gate) | E46: docs/SECURITY.md: assets, trust boundaries, 19 threats with mitigations and tests; an independent read-only code review found 2 high and 8 medium issues; all high and all but one medium fixed with regression tests (tests/test_security_review.py). | F46: PRD-19 | G46: docs/SECURITY.md, tests/test_security_review.py | H46: P0 | I46: Completed | J46: 1 | K46: M | N46: 46323 | O46: Independent AI code review of the auth, tenant-routing, access, GitHub App and SQL code; 29 regression tests; no critical/high open | P46: NOT an external penetration test; M7 (first-come claim of a public issuer/audience pair) is open and only mitigated; upload extraction, worker handlers, git argument handling, offboarding crypto and report-page XSS were not independently reviewed.
A47: T-046 | B47: R1 Platform foundation & cross-repo impact | C47: Docs | D47: Administrator guide, user guide and API reference that cannot drift from the code | E47: docs/ADMIN-GUIDE.md, docs/USER-GUIDE.md and docs/API.md (generated from the route table and OpenAPI schema); tests check every environment variable, command, endpoint, link and configuration example against the code and the real validators. | F47: - | G47: docs/, tools/gen_docs.py, tests/test_docs.py | H47: P0 | I47: Completed | J47: 1 | K47: M | N47: 46323 | O47: tests/test_docs.py (11) | P47: Written from the code and tests, not from field experience; no screenshots; API descriptions are only as good as the handler docstrings.
A48: T-047 | B48: R1 Platform foundation & cross-repo impact | C48: Interfaces | D48: GitHub comment upsert (code) | E48: Not yet verified against live GitHub. | F48: FR-035 | G48: tia/github.py | H48: P0 | I48: Completed | J48: 1 | K48: M | N48: 46323 | O48: marker helper test only
A49: T-048 | B49: R1 Platform foundation & cross-repo impact | C49: Platform | D49: SQLite evidence cache, analysis store, JSONL audit | E49: Interim store; replaced by PostgreSQL in R1. | F49: 11.3 | G49: tia/store.py | H49: P0 | I49: Completed | J49: 1 | K49: M | N49: 46323 | O49: test_audit_and_cache
A50: T-049 | B50: R1 Platform foundation & cross-repo impact | C50: Quality | D50: Demo landscape fixture + 29 tests | E50: 6 git repos; AC-mapped tests. | F50: PRD-14 | G50: fixtures/, tests/ | H50: P0 | I50: Completed | J50: 1 | K50: M | N50: 46323 | O50: 29 passed
A51: T-050 | B51: R1 Platform foundation & cross-repo impact | C51: Quality | D51: Separate production code from support code | E51: tia/ = production only; tools/demo.py. | F51: - | G51: tia/, tools/ | H51: P0 | I51: Completed | J51: 1 | K51: M | N51: 46323 | O51: 29 passed
A52: T-051 | B52: R1 Platform foundation & cross-repo impact | C52: Connectors | D52: PR comment + live verification via GitHub App | E52: Update in place on push; never blocks merge. | F52: FR-035 AC-020 | H52: P0 | I52: Not Started | J52: 0 | K52: S | L52: GitHub App | M52: 1
A53: T-052 | B53: R1 Platform foundation & cross-repo impact | C53: Delivery | D53: Container images, Docker Compose, Helm chart | E53: Images for SaaS and dedicated; documented data locations. | F53: PL-009 | H53: P0 | I53: Not Started | J53: 0 | K53: M | L53: PostgreSQL, queue | M53: 2
A54: T-053 | B54: R1 Platform foundation & cross-repo impact | C54: Delivery | D54: SaaS production environment (first region) | E54: Infrastructure as code, gateway with tenant resolution and rate limits, managed PostgreSQL, evidence store, secrets, monitoring. | F54: PL-009 PL-007 | H54: P0 | I54: Not Started | J54: 0 | K54: L | L54: Containers | M54: 3
A55: T-054 | B55: R1 Platform foundation & cross-repo impact | C55: Release | D55: R1 release quality gate | E55: All R1 ACs, accuracy, performance, security, operability, docs. | F55: PRD-19 | H55: P0 | I55: Not Started | J55: 0 | K55: S | L55: All R1 tasks | M55: 4
A56: T-055 | B56: R2 Enterprise evidence & governance | C56: Verification | D56: CI test-result ingestion | E56: Test identity, result, run, commit/build. | F56: FR-022 AC-027 | H56: P1 | I56: Not Started | J56: 0 | K56: M
A57: T-056 | B57: R2 Enterprise evidence & governance | C57: Verification | D57: Coverage enrichment | E57: Exists / associated / passed / executed / validated. | F57: FR-023 AC-027 | H57: P1 | I57: Not Started | J57: 0 | K57: M | L57: CI results
A58: T-057 | B58: R2 Enterprise evidence & governance | C58: Verification | D58: Regression recommendations + missing-test evidence | E58: Explain relevance; never 'safe to skip'. | F58: FR-024 FR-025 | H58: P1 | I58: Not Started | J58: 0 | K58: M | L58: CI results
A59: T-058 | B59: R2 Enterprise evidence & governance | C59: Contracts | D59: Full API contract comparison + OpenAPI ingestion | E59: Enum narrowing, shapes, auth config, configurable compatibility rules. | F59: FR-018 | H59: P1 | I59: Not Started | J59: 0 | K59: M
A60: T-059 | B60: R2 Enterprise evidence & governance | C60: Contracts | D60: Event and message contracts (JSON Schema, Avro, Kafka) | E60: Producers/consumers, schema diff. | F60: FR-007 FR-019 FR-020 AC-028 | H60: P1 | I60: Not Started | J60: 0 | K60: L
A61: T-060 | B61: R2 Enterprise evidence & governance | C61: Runtime | D61: Telemetry ingestion and R6 runtime edges | E61: OpenTelemetry extracts; window + environment. | F61: FR-026 FR-027 FR-014 AC-007 AC-008 | H61: P1 | I61: Not Started | J61: 0 | K61: L
A62: T-061 | B62: R2 Enterprise evidence & governance | C62: Runtime | D62: Deployment correlation and environment views | E62: Proposed vs deployed revision per environment. | F62: FR-028 FR-029 AC-029 | H62: P1 | I62: Not Started | J62: 0 | K62: L
A63: T-062 | B63: R2 Enterprise evidence & governance | C63: Governance | D63: Ownership and criticality registry connector | E63: Backstage/catalog or admin-managed. | F63: FR-033 | H63: P1 | I63: Not Started | J63: 0 | K63: M
A64: T-063 | B64: R2 Enterprise evidence & governance | C64: Governance | D64: Release-policy engine | E64: pass/fail/not_evaluated/requires_review; versioned policies. | F64: FR-033 FR-034 AC-013 AC-014 | H64: P1 | I64: Not Started | J64: 0 | K64: L
A65: T-064 | B65: R2 Enterprise evidence & governance | C65: Governance | D65: Advisory and enforcement modes | E65: Report to repository protection; customer-configured. | F65: FR-036 AC-030 | H65: P1 | I65: Not Started | J65: 0 | K65: M | L65: Policy engine
A66: T-065 | B66: R2 Enterprise evidence & governance | C66: Integration | D66: GitHub check run | E66: Policy outcomes in a check run. | F66: FR-035 | H66: P1 | I66: Not Started | J66: 0 | K66: M | L66: Policy engine
A67: T-066 | B67: R2 Enterprise evidence & governance | C67: Integration | D67: ITSM change-record integration (ServiceNow) | E67: Write-only attachment keyed by change id. | F67: FR-038 AC-031 | H67: P1 | I67: Not Started | J67: 0 | K67: L
A68: T-067 | B68: R2 Enterprise evidence & governance | C68: Integration | D68: MCP server and read API for assistants | E68: Read-only report retrieval. | F68: FR-037 AC-032 | H68: P1 | I68: Not Started | J68: 0 | K68: M
A69: T-068 | B69: R2 Enterprise evidence & governance | C69: UI | D69: Web UI: report, path explorer, filters, unknowns panel | E69: React; API-first. Extend the v0 graph: filters by severity/evidence/environment, saved views, path highlighting, accessible table alternative, scale to large landscapes (server-side clustering). | F69: PRD-9 PRD-9.2 | H69: P1 | I69: Not Started | J69: 0 | K69: XL
A70: T-069 | B70: R2 Enterprise evidence & governance | C70: UI | D70: Administration console | E70: Connectors, service map, policies, rules, retention. | F70: PL-006 | H70: P1 | I70: Not Started | J70: 0 | K70: L | L70: Web UI
A71: T-070 | B71: R2 Enterprise evidence & governance | C71: UI | D71: Accessibility WCAG 2.1 AA | E71: Audit + fixes. | F71: PL-012 | H71: P1 | I71: Not Started | J71: 0 | K71: M | L71: Web UI
A72: T-071 | B72: R2 Enterprise evidence & governance | C72: SaaS | D72: Usage metering and plan limits | E72: Per-tenant repositories/analyses/users; billing export. | F72: PL-014 | H72: P1 | I72: Not Started | J72: 0 | K72: M
A73: T-072 | B73: R2 Enterprise evidence & governance | C73: SaaS | D73: Data residency (additional regions) | E73: Tenant pinned to region; no cross-region writes. | F73: PL-015 AC-041 | H73: P1 | I73: Not Started | J73: 0 | K73: L
A74: T-073 | B74: R2 Enterprise evidence & governance | C74: SaaS | D74: Per-tenant keys and BYOK | E74: Envelope encryption per tenant; customer-managed KMS keys. | F74: PL-016 | H74: P1 | I74: Not Started | J74: 0 | K74: M
A75: T-074 | B75: R2 Enterprise evidence & governance | C75: SaaS | D75: Dedicated SaaS deployment model | E75: Single-tenant vendor-hosted stack from the same code. | F75: PL-003 | H75: P1 | I75: Not Started | J75: 0 | K75: M
A76: T-075 | B76: R2 Enterprise evidence & governance | C76: Platform | D76: Graph-store benchmark and decision | E76: PostgreSQL vs dedicated graph store at scale. | F76: 12 | H76: P1 | I76: Not Started | J76: 0 | K76: M
A77: T-076 | B77: R2 Enterprise evidence & governance | C77: Release | D77: R2 security review, docs, quality gate | E77: Per PRD 13/19. | F77: PRD-19 | H77: P1 | I77: Not Started | J77: 0 | K77: M
A78: T-077 | B78: R3 Operational intelligence & scale | C78: History | D78: Temporal relationships and release comparisons | E78: Introduced/removed/modified between releases. | F78: FR-011 FR-030 AC-033 | H78: P1 | I78: Not Started | J78: 0 | K78: L
A79: T-078 | B79: R3 Operational intelligence & scale | C79: Operations | D79: Incident and rollback association | E79: Association types; never auto root cause. | F79: FR-031 AC-034 | H79: P1 | I79: Not Started | J79: 0 | K79: L
A80: T-079 | B80: R3 Operational intelligence & scale | C80: Operations | D80: Historical incident investigation | E80: Changes/components relevant to an incident. | F80: FR-032 AC-034 | H80: P1 | I80: Not Started | J80: 0 | K80: M
A81: T-080 | B81: R3 Operational intelligence & scale | C81: Governance | D81: Retention enforcement and audit reporting | E81: Per data class. | F81: 11.4 | H81: P1 | I81: Not Started | J81: 0 | K81: M
A82: T-081 | B82: R3 Operational intelligence & scale | C82: Platform | D82: High availability and horizontal scale | E82: Independent API/worker scaling; no SPOF. | F82: PL-004 | H82: P1 | I82: Not Started | J82: 0 | K82: L
A83: T-082 | B83: R3 Operational intelligence & scale | C83: Platform | D83: Backup, restore, disaster recovery | E83: Documented RPO/RTO, tested. | F83: PL-005 | H83: P1 | I83: Not Started | J83: 0 | K83: M
... A94: T-093 | B94: R4 Extended coverage & advanced (GA) | C94: Extraction | D94: Go adapter | E94: net/http, chi/gin. | F94: FR-040 | H94: P2 | I94: Not Started | J94: 0 | K94: L
A95: T-094 | B95: R4 Extended coverage & advanced (GA) | C95: Extraction | D95: Kotlin adapter | E95: Spring Kotlin. | F95: FR-040 | H95: P2 | I95: Not Started | J95: 0 | K95: L | L95: Java adapter
A96: T-095 | B96: R4 Extended coverage & advanced (GA) | C96: Extraction | D96: SQL and stored-procedure lineage | E96: PostgreSQL, Oracle, SQL Server, DB2 dialects. | F96: FR-041 AC-037 | H96: P2 | I96: Not Started | J96: 0 | K96: XL
A97: T-096 | B97: R4 Extended coverage & advanced (GA) | C97: Extraction | D97: Event-stream lineage | E97: Multi-hop topics, stream jobs. | F97: FR-042 | H97: P2 | I97: Not Started | J97: 0 | K97: L
A98: T-097 | B98: R4 Extended coverage & advanced (GA) | C98: Analytics | D98: Change-risk trends | E98: Descriptive only, no probabilities. | F98: FR-043 | H98: P2 | I98: Not Started | J98: 0 | K98: M
A99: T-098 | B99: R4 Extended coverage & advanced (GA) | C99: Analytics | D99: Calibration from validated outcomes | E99: Reviewer verdicts, per-rule precision. | F99: FR-044 AC-038 | H99: P2 | I99: Not Started | J99: 0 | K99: M
A100: T-099 | B100: R4 Extended coverage & advanced (GA) | C100: Integration | D100: Multi-team change coordination | E100: Notify owners; track acknowledgement. | F100: FR-045 | H100: P2 | I100: Not Started | J100: 0 | K100: M
A101: T-100 | B101: R4 Extended coverage & advanced (GA) | C101: Release | D101: R4 security review, docs, GA quality gate | E101: Per PRD 13/19. | F101: PRD-19 | H101: P2 | I101: Not Started | J101: 0 | K101: M

Sheet Next Tasks
A1: Next tasks to complete (ordered)
A2: Driven by 'Next order' on Task Tracker (1 = do first). Renumber there and this list updates.
A4: Order | B4: ID | C4: Task | D4: Release | E4: Requirement refs | F4: Effort | G4: Depends on | H4: Status | I4: Details / acceptance
A5: 1 | B5: =IFERROR(INDEX('Task Tracker'!$A$2:$A$251,MATCH($A5,'Task Tracker'!$M$2:$M$251,0)),"") -> T-051 | C5: =IFERROR(INDEX('Task Tracker'!$D$2:$D$251,MATCH($A5,'Task Tracker'!$M$2:$M$251,0)),"") -> PR comment + live verification via GitHub App | D5: =IFERROR(INDEX('Task Tracker'!$B$2:$B$251,MATCH($A5,'Task Tracker'!$M$2:$M$251,0)),"") -> R1 Platform foundation & cross-repo impact | E5: =IFERROR(INDEX('Task Tracker'!$F$2:$F$251,MATCH($A5,'Task Tracker'!$M$2:$M$251,0)),"") -> FR-035 AC-020 | F5: =IFERROR(INDEX('Task Tracker'!$K$2:$K$251,MATCH($A5,'Task Tracker'!$M$2:$M$251,0)),"") -> S | G5: =IFERROR(INDEX('Task Tracker'!$L$2:$L$251,MATCH($A5,'Task Tracker'!$M$2:$M$251,0)),"") -> GitHub App | H5: =IFERROR(INDEX('Task Tracker'!$I$2:$I$251,MATCH($A5,'Task Tracker'!$M$2:$M$251,0)),"") -> Not Started | I5: =IFERROR(INDEX('Task Tracker'!$E$2:$E$251,MATCH($A5,'Task Tracker'!$M$2:$M$251,0)),"") -> Update in place on push; never blocks merge.
A6: 2 | B6: =IFERROR(INDEX('Task Tracker'!$A$2:$A$251,MATCH($A6,'Task Tracker'!$M$2:$M$251,0)),"") -> T-052 | C6: =IFERROR(INDEX('Task Tracker'!$D$2:$D$251,MATCH($A6,'Task Tracker'!$M$2:$M$251,0)),"") -> Container images, Docker Compose, Helm chart | D6: =IFERROR(INDEX('Task Tracker'!$B$2:$B$251,MATCH($A6,'Task Tracker'!$M$2:$M$251,0)),"") -> R1 Platform foundation & cross-repo impact | E6: =IFERROR(INDEX('Task Tracker'!$F$2:$F$251,MATCH($A6,'Task Tracker'!$M$2:$M$251,0)),"") -> PL-009 | F6: =IFERROR(INDEX('Task Tracker'!$K$2:$K$251,MATCH($A6,'Task Tracker'!$M$2:$M$251,0)),"") -> M | G6: =IFERROR(INDEX('Task Tracker'!$L$2:$L$251,MATCH($A6,'Task Tracker'!$M$2:$M$251,0)),"") -> PostgreSQL, queue | H6: =IFERROR(INDEX('Task Tracker'!$I$2:$I$251,MATCH($A6,'Task Tracker'!$M$2:$M$251,0)),"") -> Not Started | I6: =IFERROR(INDEX('Task Tracker'!$E$2:$E$251,MATCH($A6,'Task Tracker'!$M$2:$M$251,0)),"") -> Images for SaaS and dedicated; documented data locations.
A7: 3 | B7: =IFERROR(INDEX('Task Tracker'!$A$2:$A$251,MATCH($A7,'Task Tracker'!$M$2:$M$251,0)),"") -> T-053 | C7: =IFERROR(INDEX('Task Tracker'!$D$2:$D$251,MATCH($A7,'Task Tracker'!$M$2:$M$251,0)),"") -> SaaS production environment (first region) | D7: =IFERROR(INDEX('Task Tracker'!$B$2:$B$251,MATCH($A7,'Task Tracker'!$M$2:$M$251,0)),"") -> R1 Platform foundation & cross-repo impact | E7: =IFERROR(INDEX('Task Tracker'!$F$2:$F$251,MATCH($A7,'Task Tracker'!$M$2:$M$251,0)),"") -> PL-009 PL-007 | F7: =IFERROR(INDEX('Task Tracker'!$K$2:$K$251,MATCH($A7,'Task Tracker'!$M$2:$M$251,0)),"") -> L | G7: =IFERROR(INDEX('Task Tracker'!$L$2:$L$251,MATCH($A7,'Task Tracker'!$M$2:$M$251,0)),"") -> Containers | H7: =IFERROR(INDEX('Task Tracker'!$I$2:$I$251,MATCH($A7,'Task Tracker'!$M$2:$M$251,0)),"") -> Not Started | I7: =IFERROR(INDEX('Task Tracker'!$E$2:$E$251,MATCH($A7,'Task Tracker'!$M$2:$M$251,0)),"") -> Infrastructure as code, gateway with tenant resolution and rate limits, managed PostgreSQL, evidence store, secrets, monitoring.
A8: 4 | B8: =IFERROR(INDEX('Task Tracker'!$A$2:$A$251,MATCH($A8,'Task Tracker'!$M$2:$M$251,0)),"") -> T-054 | C8: =IFERROR(INDEX('Task Tracker'!$D$2:$D$251,MATCH($A8,'Task Tracker'!$M$2:$M$251,0)),"") -> R1 release quality gate | D8: =IFERROR(INDEX('Task Tracker'!$B$2:$B$251,MATCH($A8,'Task Tracker'!$M$2:$M$251,0)),"") -> R1 Platform foundation & cross-repo impact | E8: =IFERROR(INDEX('Task Tracker'!$F$2:$F$251,MATCH($A8,'Task Tracker'!$M$2:$M$251,0)),"") -> PRD-19 | F8: =IFERROR(INDEX('Task Tracker'!$K$2:$K$251,MATCH($A8,'Task Tracker'!$M$2:$M$251,0)),"") -> S | G8: =IFERROR(INDEX('Task Tracker'!$L$2:$L$251,MATCH($A8,'Task Tracker'!$M$2:$M$251,0)),"") -> All R1 tasks | H8: =IFERROR(INDEX('Task Tracker'!$I$2:$I$251,MATCH($A8,'Task Tracker'!$M$2:$M$251,0)),"") -> Not Started | I8: =IFERROR(INDEX('Task Tracker'!$E$2:$E$251,MATCH($A8,'Task Tracker'!$M$2:$M$251,0)),"") -> All R1 ACs, accuracy, performance, security, operability, docs.
A9: 5 | B9: =IFERROR(INDEX('Task Tracker'!$A$2:$A$251,MATCH($A9,'Task Tracker'!$M$2:$M$251,0)),"") | C9: =IFERROR(INDEX('Task Tracker'!$D$2:$D$251,MATCH($A9,'Task Tracker'!$M$2:$M$251,0)),"") | D9: =IFERROR(INDEX('Task Tracker'!$B$2:$B$251,MATCH($A9,'Task Tracker'!$M$2:$M$251,0)),"") | E9: =IFERROR(INDEX('Task Tracker'!$F$2:$F$251,MATCH($A9,'Task Tracker'!$M$2:$M$251,0)),"") | F9: =IFERROR(INDEX('Task Tracker'!$K$2:$K$251,MATCH($A9,'Task Tracker'!$M$2:$M$251,0)),"") | G9: =IFERROR(INDEX('Task Tracker'!$L$2:$L$251,MATCH($A9,'Task Tracker'!$M$2:$M$251,0)),"") | H9: =IFERROR(INDEX('Task Tracker'!$I$2:$I$251,MATCH($A9,'Task Tracker'!$M$2:$M$251,0)),"") | I9: =IFERROR(INDEX('Task Tracker'!$E$2:$E$251,MATCH($A9,'Task Tracker'!$M$2:$M$251,0)),"")
A10: 6 | B10: =IFERROR(INDEX('Task Tracker'!$A$2:$A$251,MATCH($A10,'Task Tracker'!$M$2:$M$251,0)),"") | C10: =IFERROR(INDEX('Task Tracker'!$D$2:$D$251,MATCH($A10,'Task Tracker'!$M$2:$M$251,0)),"") | D10: =IFERROR(INDEX('Task Tracker'!$B$2:$B$251,MATCH($A10,'Task Tracker'!$M$2:$M$251,0)),"") | E10: =IFERROR(INDEX('Task Tracker'!$F$2:$F$251,MATCH($A10,'Task Tracker'!$M$2:$M$251,0)),"") | F10: =IFERROR(INDEX('Task Tracker'!$K$2:$K$251,MATCH($A10,'Task Tracker'!$M$2:$M$251,0)),"") | G10: =IFERROR(INDEX('Task Tracker'!$L$2:$L$251,MATCH($A10,'Task Tracker'!$M$2:$M$251,0)),"") | H10: =IFERROR(INDEX('Task Tracker'!$I$2:$I$251,MATCH($A10,'Task Tracker'!$M$2:$M$251,0)),"") | I10: =IFERROR(INDEX('Task Tracker'!$E$2:$E$251,MATCH($A10,'Task Tracker'!$M$2:$M$251,0)),"")
A11: 7 | B11: =IFERROR(INDEX('Task Tracker'!$A$2:$A$251,MATCH($A11,'Task Tracker'!$M$2:$M$251,0)),"") | C11: =IFERROR(INDEX('Task Tracker'!$D$2:$D$251,MATCH($A11,'Task Tracker'!$M$2:$M$251,0)),"") | D11: =IFERROR(INDEX('Task Tracker'!$B$2:$B$251,MATCH($A11,'Task Tracker'!$M$2:$M$251,0)),"") | E11: =IFERROR(INDEX('Task Tracker'!$F$2:$F$251,MATCH($A11,'Task Tracker'!$M$2:$M$251,0)),"") | F11: =IFERROR(INDEX('Task Tracker'!$K$2:$K$251,MATCH($A11,'Task Tracker'!$M$2:$M$251,0)),"") | G11: =IFERROR(INDEX('Task Tracker'!$L$2:$L$251,MATCH($A11,'Task Tracker'!$M$2:$M$251,0)),"") | H11: =IFERROR(INDEX('Task Tracker'!$I$2:$I$251,MATCH($A11,'Task Tracker'!$M$2:$M$251,0)),"") | I11: =IFERROR(INDEX('Task Tracker'!$E$2:$E$251,MATCH($A11,'Task Tracker'!$M$2:$M$251,0)),"")
A12: 8 | B12: =IFERROR(INDEX('Task Tracker'!$A$2:$A$251,MATCH($A12,'Task Tracker'!$M$2:$M$251,0)),"") | C12: =IFERROR(INDEX('Task Tracker'!$D$2:$D$251,MATCH($A12,'Task Tracker'!$M$2:$M$251,0)),"") | D12: =IFERROR(INDEX('Task Tracker'!$B$2:$B$251,MATCH($A12,'Task Tracker'!$M$2:$M$251,0)),"") | E12: =IFERROR(INDEX('Task Tracker'!$F$2:$F$251,MATCH($A12,'Task Tracker'!$M$2:$M$251,0)),"") | F12: =IFERROR(INDEX('Task Tracker'!$K$2:$K$251,MATCH($A12,'Task Tracker'!$M$2:$M$251,0)),"") | G12: =IFERROR(INDEX('Task Tracker'!$L$2:$L$251,MATCH($A12,'Task Tracker'!$M$2:$M$251,0)),"") | H12: =IFERROR(INDEX('Task Tracker'!$I$2:$I$251,MATCH($A12,'Task Tracker'!$M$2:$M$251,0)),"") | I12: =IFERROR(INDEX('Task Tracker'!$E$2:$E$251,MATCH($A12,'Task Tracker'!$M$2:$M$251,0)),"")
A13: 9 | B13: =IFERROR(INDEX('Task Tracker'!$A$2:$A$251,MATCH($A13,'Task Tracker'!$M$2:$M$251,0)),"") | C13: =IFERROR(INDEX('Task Tracker'!$D$2:$D$251,MATCH($A13,'Task Tracker'!$M$2:$M$251,0)),"") | D13: =IFERROR(INDEX('Task Tracker'!$B$2:$B$251,MATCH($A13,'Task Tracker'!$M$2:$M$251,0)),"") | E13: =IFERROR(INDEX('Task Tracker'!$F$2:$F$251,MATCH($A13,'Task Tracker'!$M$2:$M$251,0)),"") | F13: =IFERROR(INDEX('Task Tracker'!$K$2:$K$251,MATCH($A13,'Task Tracker'!$M$2:$M$251,0)),"") | G13: =IFERROR(INDEX('Task Tracker'!$L$2:$L$251,MATCH($A13,'Task Tracker'!$M$2:$M$251,0)),"") | H13: =IFERROR(INDEX('Task Tracker'!$I$2:$I$251,MATCH($A13,'Task Tracker'!$M$2:$M$251,0)),"") | I13: =IFERROR(INDEX('Task Tracker'!$E$2:$E$251,MATCH($A13,'Task Tracker'!$M$2:$M$251,0)),"")
A14: 10 | B14: =IFERROR(INDEX('Task Tracker'!$A$2:$A$251,MATCH($A14,'Task Tracker'!$M$2:$M$251,0)),"") | C14: =IFERROR(INDEX('Task Tracker'!$D$2:$D$251,MATCH($A14,'Task Tracker'!$M$2:$M$251,0)),"") | D14: =IFERROR(INDEX('Task Tracker'!$B$2:$B$251,MATCH($A14,'Task Tracker'!$M$2:$M$251,0)),"") | E14: =IFERROR(INDEX('Task Tracker'!$F$2:$F$251,MATCH($A14,'Task Tracker'!$M$2:$M$251,0)),"") | F14: =IFERROR(INDEX('Task Tracker'!$K$2:$K$251,MATCH($A14,'Task Tracker'!$M$2:$M$251,0)),"") | G14: =IFERROR(INDEX('Task Tracker'!$L$2:$L$251,MATCH($A14,'Task Tracker'!$M$2:$M$251,0)),"") | H14: =IFERROR(INDEX('Task Tracker'!$I$2:$I$251,MATCH($A14,'Task Tracker'!$M$2:$M$251,0)),"") | I14: =IFERROR(INDEX('Task Tracker'!$E$2:$E$251,MATCH($A14,'Task Tracker'!$M$2:$M$251,0)),"")
A15: 11 | B15: =IFERROR(INDEX('Task Tracker'!$A$2:$A$251,MATCH($A15,'Task Tracker'!$M$2:$M$251,0)),"") | C15: =IFERROR(INDEX('Task Tracker'!$D$2:$D$251,MATCH($A15,'Task Tracker'!$M$2:$M$251,0)),"") | D15: =IFERROR(INDEX('Task Tracker'!$B$2:$B$251,MATCH($A15,'Task Tracker'!$M$2:$M$251,0)),"") | E15: =IFERROR(INDEX('Task Tracker'!$F$2:$F$251,MATCH($A15,'Task Tracker'!$M$2:$M$251,0)),"") | F15: =IFERROR(INDEX('Task Tracker'!$K$2:$K$251,MATCH($A15,'Task Tracker'!$M$2:$M$251,0)),"") | G15: =IFERROR(INDEX('Task Tracker'!$L$2:$L$251,MATCH($A15,'Task Tracker'!$M$2:$M$251,0)),"") | H15: =IFERROR(INDEX('Task Tracker'!$I$2:$I$251,MATCH($A15,'Task Tracker'!$M$2:$M$251,0)),"") | I15: =IFERROR(INDEX('Task Tracker'!$E$2:$E$251,MATCH($A15,'Task Tracker'!$M$2:$M$251,0)),"")
A16: 12 | B16: =IFERROR(INDEX('Task Tracker'!$A$2:$A$251,MATCH($A16,'Task Tracker'!$M$2:$M$251,0)),"") | C16: =IFERROR(INDEX('Task Tracker'!$D$2:$D$251,MATCH($A16,'Task Tracker'!$M$2:$M$251,0)),"") | D16: =IFERROR(INDEX('Task Tracker'!$B$2:$B$251,MATCH($A16,'Task Tracker'!$M$2:$M$251,0)),"") | E16: =IFERROR(INDEX('Task Tracker'!$F$2:$F$251,MATCH($A16,'Task Tracker'!$M$2:$M$251,0)),"") | F16: =IFERROR(INDEX('Task Tracker'!$K$2:$K$251,MATCH($A16,'Task Tracker'!$M$2:$M$251,0)),"") | G16: =IFERROR(INDEX('Task Tracker'!$L$2:$L$251,MATCH($A16,'Task Tracker'!$M$2:$M$251,0)),"") | H16: =IFERROR(INDEX('Task Tracker'!$I$2:$I$251,MATCH($A16,'Task Tracker'!$M$2:$M$251,0)),"") | I16: =IFERROR(INDEX('Task Tracker'!$E$2:$E$251,MATCH($A16,'Task Tracker'!$M$2:$M$251,0)),"")
... A34: 30 | B34: =IFERROR(INDEX('Task Tracker'!$A$2:$A$251,MATCH($A34,'Task Tracker'!$M$2:$M$251,0)),"") | C34: =IFERROR(INDEX('Task Tracker'!$D$2:$D$251,MATCH($A34,'Task Tracker'!$M$2:$M$251,0)),"") | D34: =IFERROR(INDEX('Task Tracker'!$B$2:$B$251,MATCH($A34,'Task Tracker'!$M$2:$M$251,0)),"") | E34: =IFERROR(INDEX('Task Tracker'!$F$2:$F$251,MATCH($A34,'Task Tracker'!$M$2:$M$251,0)),"") | F34: =IFERROR(INDEX('Task Tracker'!$K$2:$K$251,MATCH($A34,'Task Tracker'!$M$2:$M$251,0)),"") | G34: =IFERROR(INDEX('Task Tracker'!$L$2:$L$251,MATCH($A34,'Task Tracker'!$M$2:$M$251,0)),"") | H34: =IFERROR(INDEX('Task Tracker'!$I$2:$I$251,MATCH($A34,'Task Tracker'!$M$2:$M$251,0)),"") | I34: =IFERROR(INDEX('Task Tracker'!$E$2:$E$251,MATCH($A34,'Task Tracker'!$M$2:$M$251,0)),"")

Sheet Requirements
A1: Req ID | B1: Requirement | C1: Release | D1: Status | E1: Gap / notes | F1: Tasks (IDs)
A2: FR-001 | B2: Repository connection | C2: R1 | D2: Partial | E2: GitHub (App and PAT), Azure DevOps (PAT), git URL, local and upload ingestion done; GitHub App verified against a stand-in only; Azure DevOps webhooks/App-equivalent not built | F2: T-017, T-018, T-028, T-041
A3: FR-002 | B3: Revision-aware analysis | C3: R1 | D3: Done | F3: T-008
A4: FR-003 | B4: Incremental analysis | C4: R1 | D4: Done | E4: Per-file incremental extraction + persisted versioned graph + full-rescan path with drift repair (Python) | F4: T-025
A5: FR-004 | B5: Supported languages (Java + Python) | C5: R1 | D5: Partial | E5: Java (Spring REST, JPA, Flyway/Liquibase) and Python (FastAPI/Flask, SQLAlchemy/Django ORM, Alembic/Django migrations) done; Django REST routes not extracted | F5: T-009, T-029
A6: FR-005 | B6: Repository freshness | C6: R1 | D6: Done | E6: Scan status, last successful scan, analysed revision, extractor version (snapshot), failures, stale relationships, inaccessible repos | F6: T-026
A7: FR-006 | B7: Core graph entities | C7: R1 | D7: Partial | E7: Service, endpoint, schema, function, call site, test, entity, table, column, migration done; deployment/build/event entities not built | F7: T-030
A8: FR-006a | B8: Data-access scope (ORM/migrations) | C8: R1 | D8: Done | E8: ORM mappings and migrations extracted; raw SQL/stored procedures (FR-041, R4) reported as data access not fully analysed | F8: T-030, T-031
A9: FR-007 | B9: Execution and operations entities | C9: R2 | D9: Not started | F9: T-059
A10: FR-008 | B10: Explicit relationship types | C10: R1 | D10: Done | F10: T-007
A11: FR-009 | B11: Relationship provenance | C11: R1 | D11: Partial | E11: No last-seen/validity yet (needs persisted graph)
A12: FR-010 | B12: Evidence classifications | C12: R1 | D12: Partial | E12: stale now produced; runtime_observed (R6) never produced yet | F12: T-007, T-026
A13: FR-011 | B13: Temporal relationships | C13: R3 | D13: Not started | F13: T-077
A14: FR-012 | B14: Changed-symbol identification | C14: R1 | D14: Done | E14: Python | F14: T-009, T-029
A15: FR-013 | B15: Dependency traversal | C15: R1 | D15: Done | F15: T-011, T-014, T-021
A16: FR-014 | B16: Cross-repository resolution | C16: R1 | D16: Partial | E16: R1-R5 done; R6 runtime in R2 | F16: T-010, T-060
A17: FR-015 | B17: Impact scope categories | C17: R1 | D17: Partial | E17: Code, contract, test and data impact done; runtime/operational categories not built | F17: T-014, T-032
A18: FR-016 | B18: Bounded traversal | C18: R1 | D18: Done | F18: T-014
A19: FR-017 | B19: API discovery | C19: R1 | D19: Partial | E19: FastAPI/Flask and Spring Web; endpoint authentication configuration not extracted | F19: T-009, T-029
A20: FR-018 | B20: API contract comparison | C20: R1/R2 | D20: Partial | E20: Basic P0 list done; full comparison R2 | F20: T-012, T-058
A21: FR-019 | B21: Event and message contracts | C21: R2 | D21: Not started | F21: T-059
A22: FR-020 | B22: Consumer impact report | C22: R1/R2 | D22: Partial | E22: REST done; events R2 | F22: T-059
A23: FR-021 | B23: Static test association | C23: R1 | D23: Done | E23: Python | F23: T-011
A24: FR-022 | B24: CI test results | C24: R2 | D24: Not started | F24: T-055
A25: FR-023 | B25: Coverage enrichment | C25: R2 | D25: Not started | F25: T-056
A26: FR-024 | B26: Regression recommendations | C26: R2 | D26: Not started | F26: T-057
A27: FR-025 | B27: Missing-test evidence | C27: R2 | D27: Partial | E27: Per-finding 'no relevant test evidence' limitation exists | F27: T-057
A28: FR-026 | B28: Runtime integration | C28: R2 | D28: Not started | F28: T-060
A29: FR-027 | B29: Runtime relationship classification | C29: R2 | D29: Not started | F29: T-060
A30: FR-028 | B30: Deployment correlation | C30: R2 | D30: Not started | F30: T-061
A31: FR-029 | B31: Environment-specific impact | C31: R2 | D31: Not started | F31: T-061
A32: FR-030 | B32: Change history | C32: R3 | D32: Not started | F32: T-077
A33: FR-031 | B33: Incident association | C33: R3 | D33: Not started | F33: T-078
A34: FR-032 | B34: Historical investigation | C34: R3 | D34: Not started | F34: T-079
A35: FR-033 | B35: Configurable policy rules | C35: R2 | D35: Not started | F35: T-062, T-063
A36: FR-034 | B36: Policy evaluation | C36: R2 | D36: Not started | F36: T-063
A37: FR-035 | B37: GitHub PR integration (comment + check) | C37: R1/R2 | D37: Partial | E37: Comment upsert live-verified; publish endpoint and check run built, check run simulated only (needs GitHub App) | F37: T-015, T-034, T-047, T-051, T-065
A38: FR-036 | B38: Advisory and enforcement modes | C38: R2 | D38: Not started | F38: T-064
A39: FR-037 | B39: Assistant / MCP distribution | C39: R2 | D39: Not started | F39: T-067
A40: FR-038 | B40: Change-management integration | C40: R2 | D40: Not started | F40: T-066
A41: FR-039 | B41: Additional SCM platforms | C41: R4 | D41: Partial | E41: ADO + generic git URL ingestion done by PAT; PR comment/status and permission mirroring for ADO/GitLab/Bitbucket pending | F41: T-087, T-088, T-089
A42: FR-040 | B42: Adapter SDK + additional languages | C42: R4 | D42: Not started | F42: T-090, T-091, T-092, T-093, T-094
A43: FR-041 | B43: SQL / stored-procedure lineage | C43: R4 | D43: Not started | F43: T-095
A44: FR-042 | B44: Event-stream lineage | C44: R4 | D44: Not started | F44: T-096
A45: FR-043 | B45: Change-risk trends | C45: R4 | D45: Not started | F45: T-097
A46: FR-044 | B46: Calibration from validated outcomes | C46: R4 | D46: Not started | F46: T-098
A47: FR-045 | B47: Multi-team change coordination | C47: R4 | D47: Not started | F47: T-099
A48: PL-001 | B48: SSO OIDC/SAML, API tokens | C48: R1 | D48: Done | E48: OIDC, SAML 2.0 and scoped service tokens built; verified against our own provider simulations only (no real IdP) | F48: T-039
A49: PL-002 | B49: RBAC + SCM permission mirroring | C49: R1 | D49: Partial | E49: Five roles + GitHub permission mirroring done (fake GitHub API); Azure DevOps mirroring not built | F49: T-015, T-040
A50: PL-003 | B50: Multi-tenant isolation (shared schema + RLS) | C50: R1 | D50: Done | E50: RLS on every tenant table, tenant resolved from the credential on every request, per-tenant workspace/quota/config/users; webhooks still use the default tenant | F50: T-022, T-074
A51: PL-004 | B51: HA and horizontal scale | C51: R3 | D51: Not started | F51: T-081
A52: PL-005 | B52: Backup / DR | C52: R3 | D52: Not started | F52: T-082
A53: PL-006 | B53: Admin console + config API | C53: R2 | D53: Not started | F53: T-069
A54: PL-007 | B54: Platform observability | C54: R1 | D54: Done | E54: Metrics, JSON logs, traces, health/readiness built; verified against a fake OTLP collector only | F54: T-037, T-053
A55: PL-008 | B55: Versioned public API + SDK | C55: R3 | D55: Partial | E55: v1 REST endpoints exist; no OpenAPI publish/SDK | F55: T-016, T-085
A56: PL-009 | B56: Containers, Helm, Compose | C56: R1 | D56: Not started | F56: T-052, T-053
A57: PL-010 | B57: Air-gapped install | C57: R3 | D57: Not started | F57: T-083
A58: PL-011 | B58: Encryption + secrets manager | C58: R1 | D58: Partial | E58: Envelope encryption, scrubbing, TLS enforcement done; real Vault/KMS and PostgreSQL TLS not verified | F58: T-036
A59: PL-012 | B59: Accessibility WCAG 2.1 AA | C59: R2 | D59: Not started | F59: T-070
A60: PL-013 | B60: Tenant lifecycle | C60: R1 | D60: Done | E60: Provision/suspend/resume/offboard with verified deletion + storage quota | F60: T-033
A61: PL-014 | B61: Usage metering and plan limits | C61: R2 | D61: Not started | F61: T-071
A62: PL-015 | B62: Data residency | C62: R2 | D62: Not started | F62: T-072
A63: PL-016 | B63: Per-tenant keys / BYOK | C63: R2 | D63: Not started | F63: T-073
A64: PL-017 | B64: Per-tenant fair scheduling | C64: R1 | D64: Done | E64: Round-robin by queued position + exact per-tenant concurrency cap; verified on PostgreSQL | F64: T-024
A65: PL-018 | B65: SOC 2 / ISO 27001 controls | C65: R3 | D65: Not started | F65: T-084
A66: PRD-9.2 | B66: Impact path explorer / code graph | C66: R2 | D66: Partial | E66: Explorer + impact overlay built (v0); filters by severity/evidence/environment, saved views, accessibility, large-scale clustering pending | F66: T-020, T-021, T-068
A67: 11.3 | B67: Audit | C67: R1 | D67: Partial | E67: Tamper-evident keyed chain in PostgreSQL done; GitHub/ADO writes, logins and policy events audited when those features land | F67: T-023, T-048
A68: 11.4 | B68: Data retention | C68: R3 | D68: Not started | F68: T-080
A69: 12 | B69: Performance targets | C69: R1-R3 | D69: Not started | E69: Unmeasured | F69: T-075
A70: 15 | B70: Accuracy targets | C70: R1 | D70: Partial | E70: Measured on two independent real-code Java landscapes + a synthetic one: all measured targets met; time-saving not measured; no independent Python reference

Sheet Acceptance Criteria
A1: AC | B1: Criterion (short) | C1: Release | D1: Status | E1: Notes | F1: Tasks (IDs)
A2: AC-001 | B2: Exact revisions | C2: 1 | D2: Done
A3: AC-002 | B3: Direct impact | C3: 1 | D3: Done
A4: AC-003 | B4: Transitive impact | C4: 1 | D4: Done
A5: AC-004 | B5: Contract impact | C5: 1 | D5: Done
A6: AC-005 | B6: Unresolved consumer | C6: 1 | D6: Done
A7: AC-006 | B7: Test association | C7: 1 | D7: Done
A8: AC-007 | B8: Runtime distinction | C8: 2 | D8: Not started | F8: T-060
A9: AC-008 | B9: No false coverage claim | C9: 2 | D9: Not started | F9: T-060
A10: AC-009 | B10: Failed scan | C10: 1 | D10: Done
A11: AC-010 | B11: Zero-impact result | C11: 1 | D11: Done
A12: AC-011 | B12: Stale relationships | C12: 1 | D12: Done | F12: T-026
A13: AC-012 | B13: Bounded traversal | C13: 1 | D13: Done
A14: AC-013 | B14: Policy failure | C14: 2 | D14: Not started | F14: T-063
A15: AC-014 | B15: Policy not evaluated | C15: 2 | D15: Not started | F15: T-063
A16: AC-015 | B16: Reproducible evidence | C16: 1 | D16: Done | E16: Snapshots materialised, pinned and reproduced identically (incl. after the landscape moved on) | F16: T-027
A17: AC-016 | B17: Access control | C17: 1 | D17: Done | E17: Per-reader redaction and 404 for unreadable repositories; GitHub mirror verified against a fake API, PR comment follows the readers rule | F17: T-040
A18: AC-017 | B18: No invented entities | C18: 1 | D18: Done
A19: AC-018 | B19: Resolution transparency | C19: 1 | D19: Done
A20: AC-019 | B20: Inference labelling | C20: 1 | D20: Done
A21: AC-020 | B21: PR comment | C21: 1 | D21: Partial | E21: Comment upsert live on github.com; check run simulated only | F21: T-034, T-051
A22: AC-021 | B22: Incremental update | C22: 1 | D22: Done | F22: T-025
A23: AC-022 | B23: Freshness | C23: 1 | D23: Done | F23: T-026
A24: AC-023 | B24: Java analysis | C24: 1 | D24: Done | F24: T-029, T-031
A25: AC-024 | B25: Data impact | C25: 1 | D25: Done | F25: T-032
A26: AC-025 | B26: SSO and RBAC | C26: 1 | D26: Done | E26: Roles enforced by a deny-by-default route table; tenant configuration (the policy stand-in) needs release_manager or administrator; every action audited with its actor; real IdP not used | F26: T-039, T-040
A27: AC-026 | B27: GitHub App | C27: 1 | D27: Done | E27: GitHub App JWT/installation tokens/routing/linking built and verified against a stand-in; no real GitHub App registered | F27: T-041
A28: AC-027 | B28: CI evidence | C28: 2 | D28: Not started | F28: T-055, T-056
A29: AC-028 | B29: Event impact | C29: 2 | D29: Not started | F29: T-059
A30: AC-029 | B30: Deployed version | C30: 2 | D30: Not started | F30: T-061
A31: AC-030 | B31: Enforcement mode | C31: 2 | D31: Not started | F31: T-064
A32: AC-031 | B32: ITSM | C32: 2 | D32: Not started | F32: T-066
A33: AC-032 | B33: MCP | C33: 2 | D33: Not started | F33: T-067
A34: AC-033 | B34: Temporal query | C34: 3 | D34: Not started | F34: T-077
A35: AC-034 | B35: Incident | C35: 3 | D35: Not started | F35: T-078, T-079
A36: AC-035 | B36: Tenant isolation | C36: 1 | D36: Partial | E36: Verified at storage layer (RLS tests) and at the API: the credential names the tenant, other tenants' reports, jobs and repositories answer 404 | F36: T-022
A37: AC-036 | B37: Additional SCM | C37: 4 | D37: Not started | F37: T-087
A38: AC-037 | B38: SQL lineage | C38: 4 | D38: Not started | F38: T-095
A39: AC-038 | B39: Calibration | C39: 4 | D39: Not started | F39: T-098
A40: AC-039 | B40: Tenant lifecycle | C40: 1 | D40: Done | F40: T-033
A41: AC-040 | B41: Fair scheduling | C41: 1 | D41: Done | F41: T-024
A42: AC-041 | B42: Data residency | C42: 2 | D42: Not started | F42: T-072

Sheet Use Cases
A1: Use case | B1: PRD ref | C1: State | D1: What works today | E1: What is missing | F1: Release | G1: Tasks (IDs)
A2: PR impact analysis | B2: 5.1 FR-035 | C2: Partial | D2: Branch/PR analysis from GitHub, Azure DevOps, git URL, local path; findings, severity, unknowns, PR-comment markdown; impact graph | E2: Automatic trigger on PR events (webhook), posting the comment back, check run, Java, ORM/data impact | F2: R1/R2 | G2: T-015, T-017, T-018, T-028, T-034, T-041, T-047, T-051, T-065
A3: API contract change | B3: 5.2 FR-018 FR-019 FR-020 | C3: Partial | D3: REST: removed/changed endpoint, removed/retyped response field, new required request field; consumers resolved via R1/R2/R3/R5 | E3: Events and message schemas, full compatibility rules, OpenAPI ingestion, consumer-specific CI test evidence | F3: R1/R2 | G3: T-012, T-058, T-059
A4: Explore the landscape (code graph) | B4: 9.2 | C4: Partial | D4: Service / endpoint / function graph with evidence colouring, search, focus, impact overlay | E4: Filters by severity/evidence/environment, saved views, large-landscape clustering, accessibility, persisted graph store | F4: R1/R2 | G4: T-020, T-021, T-068
A5: Production incident investigation | B5: 5.3 FR-031 FR-032 | C5: Not started | D5: - | E5: Incident ingestion, deployment and runtime evidence, historical graph, association labels (never root cause) | F5: R3 | G5: T-077, T-078, T-079
A6: Release-readiness assessment | B6: 5.4 FR-033 FR-034 FR-036 | C6: Not started | D6: - | E6: CI results, coverage, deployed versions, policy engine, advisory/enforcement mode, ITSM attachment | F6: R2 | G6: T-055, T-062, T-063, T-064, T-066
A7: Assistant / MCP retrieval | B7: FR-037 | C7: Not started | D7: REST API returns reports as JSON | E7: MCP server, read-only tools | F7: R2 | G7: T-067
A8: Governance and audit reporting | B8: 11.3 11.4 | C8: Not started | D8: JSONL audit of analyses | E8: Tamper-evident audit, retention enforcement, audit reports, RBAC | F8: R1/R3 | G8: T-015, T-023, T-040, T-048, T-080

Sheet UC1 Definition of Done
A1: Use case 1 - Pull-request impact analysis (PRD 5.1): definition of done
A2: The use case is CLOSED only when every row is 'Verified (live)', or the user explicitly waives live verification for a row. Levels: Not started < In progress < Built < Verified (simulated: tests/fakes) < Verified (live: real GitHub / Azure DevOps / IdP). Rows marked LIVE-NEEDED cannot reach 'Verified (live)' without your credentials/accounts.
A3: Progress | B3: =COUNTIF(F5:F34,"Verified (live)")&" live-verified, "&COUNTIF(F5:F34,"Verified (simulated)")&" simulated, "&COUNTIF(F5:F34,"Built")&" built, "&COUNTIF(F5:F34,"In progress")&" in progress, "&COUNTIF(F5:F34,"Not started")&" not started, of "&COUNTA(A5:A34) -> 16 live-verified, 11 simulated, 0 built, 0 in progress, 3 not started, of 30 | G3: Use case closed? | H3: =IF(COUNTIF(F5:F34,"Verified (live)")=COUNTA(A5:A34),"CLOSED","OPEN") -> OPEN
A4: ID | B4: PRD 5.1 step | C4: Item (must all be true) | D4: Requirement refs | E4: Needs live external account | F4: Status | G4: Verified by | H4: Notes
A5: UC1-01 | B5: all | C5: Multi-tenant PostgreSQL storage: schema, migrations, forced RLS, non-owner app role, tenant context per transaction | D5: PL-003 AC-035 TFD-9 | F5: Verified (live) | G5: tests/test_storage.py + app running on PostgreSQL | H5: Real PostgreSQL 16.2 (embedded). Managed-PG/PgBouncer deployment not tested
A6: UC1-02 | B6: all | C6: Tamper-evident (hash-chained, append-only) audit trail incl. external writes | D6: 11.3 | F6: Verified (live) | G6: tests/test_storage.py + tests/test_auth_api.py (actor on every action, denials, logins); live: audit chain verified after sign-ins, token and role changes | H6: Azure DevOps comment writes will be audited when UC1-15 is built
A7: UC1-03 | B7: 1 | C7: Job queue on PostgreSQL: idempotent submission, retries, per-tenant fair scheduling, newest-revision-wins supersede | D7: PL-017 AC-040 TFD-8/12 | F7: Verified (live) | G7: tests/test_jobs.py (20) + live dev server | H7: Real PostgreSQL 16.2; webhook-triggered enqueue is UC1-05/06
A8: UC1-04 | B8: 1,2 | C8: GitHub App connector: App JWT + installation tokens, repo registration, clone/fetch with installation token, permission-failure reporting | D8: FR-001 AC-026 | E8: LIVE-NEEDED | F8: Verified (simulated) | G8: tests/test_githubapp.py (51); live: CLI + API + worker processes against a GitHub platform stand-in | H8: No real GitHub App registered; GitHub's real permission model and the user-authorisation redirect untested
A9: UC1-05 | B9: 1 | C9: GitHub webhook receiver: HMAC signature verification, delivery-id idempotency, opened/synchronize/reopened/closed handling | D9: FR-001 AC-026 | E9: LIVE-NEEDED | F9: Verified (simulated) | G9: tests/test_webhooks.py: signature, parsing, guards, delivery dedupe, supersede, e2e; a locally signed delivery of the real sandbox PR updated its real GitHub comment | H9: Delivery FROM github.com via a tunnel not done (cloudflared download blocked); closed/merged handling is a no-op; tenant from deployment until SSO
A10: UC1-06 | B10: 1,2 | C10: Azure DevOps: service-hook receiver (PR created/updated) with auth verification, PR fetch, repo registration | D10: FR-001 FR-039 | E10: LIVE-NEEDED | F10: Not started | H10: Ingestion by PAT already works (simulated)
A11: UC1-07 | B11: 3,4 | C11: Java / Spring adapter: routes, RestTemplate/WebClient/Feign, generated clients, tests | D11: FR-004 FR-017 AC-023 | F11: Verified (live) | G11: tests/test_java.py (35) + real spring-petclinic-microservices code (54 files, 0 parse failures) | H11: REST side only: AC-023 also needs JPA data access (UC1-08); see task notes for framework limits
A12: UC1-08 | B12: 4 | C12: Python ORM and migration extraction (SQLAlchemy, Django ORM, Alembic, Django migrations) | D12: FR-006 FR-006a | F12: Verified (live) | G12: tests/test_data.py + real django-realworld-example-app and fastapi full-stack template (schema replayed from migrations equals ORM columns exactly) | H12: Raw SQL, Table() objects, dynamic table names, RunPython reported as unknown; see task notes
A13: UC1-09 | B13: 4 | C13: Java ORM and migration extraction (JPA, Spring Data, Flyway/Liquibase) | D13: FR-006a AC-023 | F13: Verified (live) | G13: tests/test_data.py + real spring-petclinic and jhipster-sample-app (Liquibase replay equals JPA columns exactly) | H13: EntityManager/JDBC/jOOQ, procedural SQL, custom naming strategy, undeclared join tables reported as unknown; see task notes
A14: UC1-10 | B14: 4 | C14: Data-impact traversal and findings (migration/schema change -> services via ORM mappings) | D14: FR-015 AC-024 | F14: Verified (live) | G14: tests/test_data.py + live dev server on PostgreSQL (HTTP, queue+worker, 8 branches, reproduce identical) + real Chrome (impact overlay, search, 0 console errors) | H14: Shared-database identity must be declared or come from a literal JDBC URL; column precision only for mapped columns; FR-041 (SQL lineage) not built
A15: UC1-11 | B15: 3,4 | C15: Persisted versioned graph with incremental invalidation; full-rescan path; graph equals full rescan | D15: FR-003 AC-021 | F15: Verified (live) | G15: tests/test_incremental.py + tests/test_graph_versions.py; also run live against the GitHub sandbox repos | H15: Real PostgreSQL 16.2 + real git. Python adapter only; Java is UC1-07
A16: UC1-12 | B16: 6 | C16: Stale-relationship handling and repository freshness tracking | D16: FR-005 FR-010 AC-011 AC-022 | F16: Verified (live) | G16: tests/test_stale.py (6) incl. a real failed fetch and recovery | H16: Real PostgreSQL + real git remotes (file URLs). A GitHub-side outage was not induced
A17: UC1-13 | B17: 6 | C17: Evidence snapshots materialised; re-analysis on a snapshot is identical | D17: AC-015 | F17: Verified (live) | G17: tests/test_snapshots.py (8); reproduced on the GitHub sandbox PR | H17: Local repositories cannot be pinned
A18: UC1-14 | B18: 7 | C18: GitHub: single PR comment updated in place + check run (advisory), via the App | D18: FR-035 AC-020 | E18: LIVE-NEEDED | F18: Verified (simulated) | G18: tests/test_publish.py, tests/test_webhooks.py (fake GitHub); comment upsert live on github.com earlier | H18: Check run simulated only (needs GitHub App); posts with a PAT not the App; default audience hides downstream repo names
A19: UC1-15 | B19: 7 | C19: Azure DevOps: PR thread comment (updated in place) + PR status | D19: FR-035 FR-039 | E19: LIVE-NEEDED | F19: Not started
A20: UC1-16 | B20: 7 | C20: Shareable report page per analysis in the UI (permalink linked from the PR comment) | D20: PRD-9 | F20: Verified (live) | G20: tests/test_reportpage.py + real Chrome desktop and mobile
A21: UC1-17 | B21: 8 | C21: Re-analysis on every push; a superseded analysis never overwrites the newer result on the PR | D21: FR-002 AC-001 AC-020 | F21: Verified (simulated) | G21: tests/test_webhooks.py: new push updates the same comment; older queued run superseded, never comments | H21: Depends on live webhook delivery for the real trigger; ADO equivalent is UC1-06/15
A22: UC1-18 | B22: all | C22: SSO (OIDC and SAML 2.0) and service-account tokens | D22: PL-001 AC-025 | E22: LIVE-NEEDED | F22: Verified (simulated) | G22: tests/test_auth.py, tests/test_auth_api.py, tests/test_saml.py; live: real Chrome through a real OIDC flow on loopback | H22: No real identity provider (OIDC or SAML) used; SHA-1 SAML refusal not exercised
A23: UC1-19 | B23: 7 | C23: RBAC and SCM permission mirroring; findings from repos the reader cannot access never appear (incl. on the PR comment) | D23: PL-002 AC-016 AC-025 | E23: LIVE-NEEDED | F23: Verified (simulated) | G23: tests/test_access.py; live: four people, different repositories and redacted reports, mirror sync from a fake GitHub API | H23: GitHub collaborators API is faked; Azure DevOps mirroring not built
A24: UC1-20 | B24: all | C24: Tenant lifecycle: provision, SCM installation mapping, suspend, offboard with verified deletion | D24: PL-013 AC-039 | F24: Verified (live) | G24: tests/test_tenants.py (21) + live admin CLI/API/worker on PostgreSQL | H24: No real GitHub App installation event wired (UC1-04)
A25: UC1-21 | B25: all | C25: Secrets management and encryption at rest/in transit; no secrets in graph or reports | D25: PL-011 | F25: Verified (simulated) | G25: tests/test_credentials.py, tests/test_secretstore.py (fake Vault, test PKI) | H25: Real Vault, KMS, PostgreSQL TLS not verified
A26: UC1-22 | B26: all | C26: Platform observability: metrics, structured logs, traces, health/readiness | D26: PL-007 | F26: Verified (simulated) | G26: tests/test_observability.py + live API/worker; fake OTLP collector | H26: Real Prometheus/OTel collector not verified
A27: UC1-23 | B27: all | C27: Container images, Docker Compose, Helm chart; SaaS environment definition | D27: PL-009 | F27: Not started | H27: No Docker/Kubernetes in this environment: build files can be written, not run
A28: UC1-24 | B28: all | C28: Configuration management: per-tenant limits, severity overrides, criticality, prefixes (versioned) | D28: PRD-7.3 | F28: Verified (live) | G28: tests/test_tenantconfig.py (65) + live CLI->API->worker + real Chrome | H28: No approval workflow/RBAC
A29: UC1-25 | B29: all | C29: Reference landscape (Java + Python) with curated dependency set; accuracy harness; PRD 15.3 targets met | D29: PRD-15 | F29: Verified (live) | G29: tools/accuracy.py on spring-petclinic-microservices and piggymetrics (real third-party code) + synthetic landscape; tests/test_accuracy.py | H29: Java only for the independent references; small samples; assessment-time reduction not measured; configuration-dependent for context paths
A30: UC1-26 | B30: all | C30: Performance benchmark meets PRD 12 targets | D30: PRD-12 | F30: Verified (live) | G30: tools/benchmark.py at 500 repositories / 0.6 M lines on a real PostgreSQL; docs/PERFORMANCE.md | H30: Generated landscape, 20 M LOC scan target not demonstrated; burst margin thin; availability/recovery not measured
A31: UC1-27 | B31: all | C31: Security review and threat model; no open critical/high findings | D31: PRD-19 | F31: Verified (simulated) | G31: docs/SECURITY.md + independent review + tests/test_security_review.py | H31: Not an external pentest; M7 open (mitigated); several areas not independently reviewed
A32: UC1-28 | B32: all | C32: Administrator, user, and API documentation | D32: PRD-13 | F32: Verified (simulated) | G32: docs/ADMIN-GUIDE.md, USER-GUIDE.md, API.md + tests/test_docs.py | H32: No field validation by real administrators or users
A33: UC1-29 | B33: all | C33: CI pipeline for TIA itself | D33: - | F33: Verified (simulated) | G33: tests/test_ci.py + the same gates run locally via tools/ci.py | H33: Workflow never executed on GitHub Actions (no push); actions pinned by tag
A34: UC1-30 | B34: 1 | C34: Code upload from the user drive: zip and whole folder, 2 GiB cap, each upload a revision analysed like a PR | D34: FR-001 | F34: Verified (live) | G34: tests/test_upload.py (33) + real Chrome + live 721 MB streamed upload | H34: Per-upload cap only; per-tenant storage quota later

Sheet Decisions & Risks
A1: Type | B1: Item | C1: Status | D1: Detail | E1: Owner / action
A2: Decision | B2: Scope | C2: Confirmed by user (2026-10-29) | D2: Enterprise product, not MVP/pilot; every PRD requirement mandatory for GA (PRD v3.0). | E2: -
A3: Decision | B3: Release structure | C3: Proposed by Claude | D3: Four releases; GA = R4. Priorities P0/P1/P2 map to releases only. | E3: You: confirm
A4: Decision | B4: Languages at R1 | C4: Per PRD v3.0 | D4: Java and Python both required in R1. | E4: -
A5: Decision | B5: Delivery model | C5: Confirmed by user (2026-10-29) | D5: Multi-tenant SaaS (vendor-operated) + dedicated / customer-hosted option from the same code (PRD v3.1 11.2). | E5: -
A6: Decision | B6: Tenant isolation | C6: Confirmed by user (2026-10-29) | D6: Shared schema, tenant_id on every row, PostgreSQL forced row-level security. | E6: -
A7: Decision | B7: Dev/test database | C7: Decided | D7: Embedded PostgreSQL (pgserver 16.2) via tools/run_dev.py and the test suite; no SQLite anywhere. | E7: Engineering
A8: Decision | B8: Primary datastore | C8: Decided | D8: PostgreSQL. Local dev/test uses the pgserver package (bundled binaries in Project TIA/.venv); Program Files/PostgreSQL holds only leftover data folders, no server. | E8: Engineering
A9: Decision | B9: Performance/availability targets | C9: Proposed | D9: Values marked 'proposed' in PRD 12 need customer SLA confirmation. | E9: You / customer
A10: Risk | B10: Size of scope | C10: Open | D10: Full GA scope is large (about 90 tasks, many L/XL). It will take many working sessions. | E10: Plan staffing
A11: Risk | B11: External systems unavailable here | C11: Open | D11: No GitHub App credentials, IdP, ServiceNow, OTel backend, Docker, or Kubernetes in this environment: connectors can be built and tested with mocks/recorded fixtures but need live verification. | E11: You: provide sandbox access
A12: Risk | B12: No real-world accuracy data | C12: Open | D12: Recall/precision unmeasured on real code. | E12: Reference landscape task
... A14: Info | B14: Code layout rule | C14: Info | D14: Project TIA/tia = production code only; tests/, fixtures/, tools/ outside. | E14: -

Sheet Legend
A1: Item | B1: Meaning
A2: Scope | B2: Enterprise product per PRD v3.0. Every requirement is mandatory for GA; releases R1-R4 are delivery order, not optional tiers.
A3: Blue cells | B3: Inputs: Status, % Complete, Next order (Task Tracker); Status (Requirements, Acceptance Criteria); Last updated.
A4: Task status | B4: Completed / In Progress / Not Started / Blocked.
A5: Requirement status | B5: Done / Partial / Not started. 'Partial' always has a gap note.
A6: Next order | B6: 1 = do first. Next Tasks sheet reads it.
A7: Effort | B7: S <1 day, M 1-3 days, L 3-10 days, XL >10 days (rough).
A8: Requirement refs | B8: FR = functional, PL = platform, AC = acceptance criterion, numbers = PRD sections. Requirements and AC sheets list task IDs by these refs.
A9: IDs | B9: T-001... follow row order; inserting rows does not renumber.
A10: Example row | B10: T-020 | R1 ... | Platform | PostgreSQL storage layer ... | ... | TFD-9 | | P0 | Not Started | 0% | L | | 1 | | |
